count_per_ten_days,product_id,product_code,min_fluctuation_rate,max_fluctuation_rate
0,0,111,0.9985650769502792,1.0009205419916054
1,0,111,0.9981424765379084,1.0011871387479976
2,0,111,1.0018039953834144,1.0088595827023694
3,0,111,1.0019844278126668,1.0066445945301792
4,0,111,1.0014172748584904,1.0036353170812684
5,0,111,1.0019177582865255,1.003488623408514
6,0,111,1.000271675531252,1.003465265242845
7,0,111,1.000651493079894,1.0039912496706775
8,0,111,0.9996206391673662,1.0042668819607312
9,0,111,0.9992783396065568,1.0025402140790936
10,0,111,0.9944914049030068,0.9985587327116514
11,0,111,0.994798389165319,0.9988223813206932
12,0,111,0.9978534548185838,0.9990886629536844
13,0,111,0.9978431976685838,1.0005689109896674
14,0,111,0.998665796678742,1.0018021308068965
15,0,111,0.9997503116831544,1.0057883095907496
16,0,111,1.0003527549969746,1.0024636430423268
17,0,111,0.998437729317421,1.001701904248593
18,0,111,1.0019279176942233,1.0053300028657213
19,0,111,0.9995540449601966,1.005803204779492
20,0,111,1.0007353687008222,1.0053615503103723
21,0,111,0.9990067693333016,1.0027845501062558
22,0,111,0.9981683639007368,1.0012367517821528
23,0,111,0.9968887528757427,1.0083366849074304
24,0,111,0.9975160277865566,1.0134014293835791
25,0,111,0.9982011341752972,1.0100478486684272
26,0,111,0.9823749120370212,1.011515263988975
27,0,111,1.0031439272671243,1.009725652670931
28,0,111,0.9912698713584052,1.0100349085613076
29,0,111,0.9948609408578716,1.0167934049593177
30,0,111,0.996094602639131,1.0038354774567944
31,0,111,0.998420933850893,1.001022343884572
32,0,111,0.9960711761363776,0.9986456015630932
33,0,111,0.9983574255168,1.000351667222133
34,0,111,0.997279161755879,1.0001069069437176
35,0,111,0.9987850282565816,0.9994784828318978
0,1,112,0.9968526617542276,0.999114995788318
1,1,112,0.9986439109842974,1.000577372842783
2,1,112,0.9982312704928078,0.9998021156074794
3,1,112,0.9978144637694274,0.999773765892946
4,1,112,1.0005915982121276,1.0010407804558323
5,1,112,0.9999549891859916,1.0053998012320742
6,1,112,1.0007130680728846,1.0052113935688738
7,1,112,0.9962891063357864,1.0020490856777735
8,1,112,0.9944995605324752,0.9977346570893914
9,1,112,0.9984733444216856,0.999085027569815
10,1,112,0.9974196234758926,0.9997175576439172
11,1,112,0.9921921034431735,0.996158767278992
12,1,112,0.9927638015885868,0.9981695653526692
13,1,112,0.9974040541060256,1.0069274933829775
14,1,112,1.0021371172487603,1.0090651163130695
15,1,112,1.0035759003095652,1.009882236785067
16,1,112,1.0024454236526346,1.004498764146464
17,1,112,1.0021258983234749,1.0074019703128356
18,1,112,1.0006960816913155,1.0029248713496164
19,1,112,1.0011455632831832,1.0018998905628531
20,1,112,0.9999318894642965,1.0015927077508433
21,1,112,0.9994367516012344,1.000713977445389
22,1,112,0.9989136977062142,1.003064169449052
23,1,112,0.9975081522681988,1.0145500416736488
24,1,112,0.999376818873246,1.0158173415740286
25,1,112,0.9991397088902884,1.0100747731193038
26,1,112,0.9860660141745072,0.9978409930270296
27,1,112,0.9901663377324004,1.003759699802337
28,1,112,0.986397393264519,1.0013762466654603
29,1,112,0.9860965189043576,0.998088839259002
30,1,112,0.9981290572960678,1.0058965126918835
31,1,112,1.00188417603054,1.0130368197428223
32,1,112,1.0064716653388,1.0127898992107085
33,1,112,0.9985231795005962,1.0037890993287215
34,1,112,0.9927198118060822,1.000842037022403
35,1,112,0.988903353925424,0.990742631040472
0,2,141,0.9938738600353544,0.9992418827470854
1,2,141,0.996537378033489,0.9983221549073198
2,2,141,0.9993343645356704,0.9999136666243912
3,2,141,0.9997565909482274,1.000518458345911
4,2,141,0.9994237855084576,1.000713073129223
5,2,141,1.001923641809472,1.0070334106370855
6,2,141,0.999967442527802,1.0057449794441746
7,2,141,1.000641960480009,1.003334538039358
8,2,141,1.0017978934609768,1.006040798029565
9,2,141,0.9963517473563572,1.0022105897394369
10,2,141,0.9988086156242458,1.0013315861933143
11,2,141,0.9994843004130608,1.005856905817253
12,2,141,1.0017842704350677,1.0041113803209687
13,2,141,1.001259181205688,1.0044033592854436
14,2,141,1.0024966704695029,1.006351319301545
15,2,141,1.0016020874056348,1.004173097660962
16,2,141,1.0007002025124865,1.00471968899277
17,2,141,1.001266284754085,1.0045549442935051
18,2,141,0.9993399384980488,1.002678070240753
19,2,141,0.9976103968094596,1.0002201158009154
20,2,141,0.9971221339250498,1.0007872267363398
21,2,141,0.9971394584556752,0.9987563183327464
22,2,141,0.9998176020225396,1.0017579912911927
23,2,141,1.0017619735454433,1.0031035352251032
24,2,141,1.0008288861601635,1.0034876275884057
25,2,141,1.0015774975002003,1.0025799245293685
26,2,141,0.9991455079130218,1.0025036220627517
27,2,141,1.0005155084633202,1.005733173544028
28,2,141,0.9991119292668325,1.0074412050424522
29,2,141,1.0035537107214925,1.0043309382063117
30,2,141,0.9948049000256924,1.0052861250090512
31,2,141,0.9927593071183236,1.0152570839095532
32,2,141,0.9884115086894552,1.0048593667731167
33,2,141,0.9916020491484344,0.9964528403924476
34,2,141,0.9944358831647322,0.99993058992064
35,2,141,0.9888181955944868,0.9935392413605878
0,3,142,0.9961494403557486,0.9992834684403764
1,3,142,0.997725681740871,1.0010141458117847
2,3,142,0.9979292658478268,1.0008556028083877
3,3,142,1.000358551660384,1.0016937914599469
4,3,142,0.9978880932615034,1.0002530054587362
5,3,142,0.9983574491168558,1.0055963116513753
6,3,142,0.9999320482212752,1.004560965159448
7,3,142,0.997917101257844,1.0007343564022
8,3,142,1.0005686494848889,1.004876202598452
9,3,142,1.001366003412718,1.002798372711553
10,3,142,0.9992733446651196,1.0015142604414975
11,3,142,0.9994223296417544,1.0034894623870074
12,3,142,1.0004625845105382,1.0011455161849314
13,3,142,0.999114639062218,1.001149809759848
14,3,142,1.0015300065897434,1.0033500251684744
15,3,142,0.9985649632306888,1.0058509178863266
16,3,142,0.9965380746145364,1.0003038566291649
17,3,142,0.9999656957632276,1.0041196468035505
18,3,142,1.0007915922459285,1.0037333065314196
19,3,142,0.9978577222313386,1.0000336020638585
20,3,142,1.0004192773562304,1.0007952962302251
21,3,142,0.9987578573667816,1.0028519588737568
22,3,142,1.0028945381923056,1.008746702244508
23,3,142,1.0036297762166562,1.0109137487017428
24,3,142,1.000933807126159,1.006749053904647
25,3,142,1.000672512937384,1.0085358896894885
26,3,142,1.0007650332761986,1.0113367300140292
27,3,142,1.0031659397078303,1.005763593634014
28,3,142,0.9983271108581544,1.0043037593561837
29,3,142,0.9940081655576792,1.0047478101873322
30,3,142,0.9898909971959272,1.0248285302219022
31,3,142,0.9831692963514524,1.0288920587600323
32,3,142,1.0050365909375112,1.0164235449330647
33,3,142,0.989086755735694,1.006136974847864
34,3,142,0.991973899749924,1.0065712898856598
35,3,142,0.9912145925838466,0.9941738256209032
0,4,143,0.9966021969021108,0.9992144800231464
1,4,143,0.9922711599289996,1.011223143439122
2,4,143,1.0018595415098444,1.00746985016782
3,4,143,1.0007834890133285,1.008442349336217
4,4,143,0.998443606901718,1.0017042291531353
5,4,143,0.99980854585321,1.0030074285653552
6,4,143,0.9986047089387896,1.0028727130979889
7,4,143,0.9983552113810122,0.999101419746019
8,4,143,0.99924955655522,1.0005900270874466
9,4,143,0.999791963915444,1.0056456480362572
10,4,143,0.9989753850276084,1.0054366802948078
11,4,143,0.9994055330558403,1.0012198268755104
12,4,143,0.999985716984427,1.0024021730842745
13,4,143,0.9929629104519992,1.0007059620810017
14,4,143,0.994490945956668,0.9960277621313826
15,4,143,0.9971139845918672,1.0019148129869282
16,4,143,1.0010998946902283,1.00255079402538
17,4,143,0.9998407397200064,1.0027974084435207
18,4,143,0.9994543648987804,1.0032968601618777
19,4,143,1.002490023003512,1.0064988073036425
20,4,143,0.998116607448166,1.0003613547270502
21,4,143,0.9946982099399015,0.9989578254009238
22,4,143,0.995502576246132,1.0005757768957209
23,4,143,0.9724672813755416,1.0115841699989727
24,4,143,0.9786815074377554,0.9852222907605264
25,4,143,0.999199246235124,1.006647953746566
26,4,143,0.9924580581912122,1.0069233800898638
27,4,143,0.9954300446909392,0.9978576052563004
28,4,143,0.9902373862400838,1.0081947850717767
29,4,143,0.9961828568440236,1.0076130209399763
30,4,143,1.002514847290621,1.007429687499236
31,4,143,0.999966190235189,1.004799004568928
32,4,143,1.0031507742867285,1.0124084288387818
33,4,143,1.002194982952558,1.0064653310261704
34,4,143,0.9993082173405324,1.005580593902623
35,4,143,0.9986731442221854,1.001901568955224
0,5,144,1.000936768149883,1.000936768149883
1,5,144,1.0,1.0020942408376965
2,5,144,0.9966406886715566,1.0010416666666666
3,5,144,0.9941778554129308,1.002995566199553
4,5,144,0.9991395273704368,0.9996955978060252
5,5,144,0.9861627415392912,0.994519884396434
6,5,144,1.0080081459511023,1.040722926229376
7,5,144,1.0161965966481017,1.0172776777291828
8,5,144,0.9990982867448152,0.9990982867448152
9,5,144,0.9989130434782608,0.9989130434782608
10,5,144,1.0,1.0
11,5,144,0.9985915492957746,1.0
12,5,144,0.9977320156935268,0.9988249118683902
13,5,144,0.9983985776670364,0.9998170173833486
14,5,144,0.9990521327014218,1.001791858728819
15,5,144,0.9988902831277642,1.0087148035744395
16,5,144,0.9879839531329598,1.0040917869949817
17,5,144,0.9978114976524184,1.0027688656672316
18,5,144,0.999367170109828,0.9997119976960352
19,5,144,1.0001722356183258,1.007579643025733
20,5,144,1.0012115350036892,1.011888102751047
21,5,144,1.0024465990735762,1.005303741930719
22,5,144,0.9982027318475916,0.9982027318475916
23,5,144,0.982170542635659,1.003787878787879
24,5,144,0.9890751804971002,0.9967522518983986
25,5,144,0.9974147356891868,0.999121074738756
26,5,144,0.9991424406140124,1.0052698915944047
27,5,144,0.990882509303562,1.001993620414673
28,5,144,1.007791687139585,1.0106693849813115
29,5,144,0.999514563106796,0.999514563106796
30,5,144,1.0,1.019286204529856
31,5,144,0.9997953263011002,1.0034449613375966
32,5,144,1.0091961427410086,1.021999102963025
33,5,144,1.0038497258500976,1.018597696091367
34,5,144,0.997437369501426,0.9995099083615296
35,5,144,0.9985152190051968,1.0013520984378208
0,6,151,0.9970593334169154,1.0399877375206537
1,6,151,0.9741144327737128,1.0264130344598097
2,6,151,1.0007819338174666,1.033997939244981
3,6,151,0.9983291490693592,1.046317220131245
4,6,151,0.9545511572061112,1.002758230961749
5,6,151,0.9720162781519636,1.061126049102988
6,6,151,1.0110149351422175,1.0525464288795483
7,6,151,0.9789940961755368,1.0272672883974228
8,6,151,0.952586943481839,1.0109509738880984
9,6,151,1.0082660704422963,1.05205351073508
10,6,151,1.0204485044315548,1.0961608376639267
11,6,151,1.013838324964787,1.060005921664458
12,6,151,1.0202769166945564,1.0759327437926791
13,6,151,0.988074602447091,1.035706038093289
14,6,151,0.970120931689737,1.0325489642529364
15,6,151,0.994852912203994,1.0304516396976449
16,6,151,0.984340290156672,1.0735778309447803
17,6,151,0.981918831818272,1.0209029776941736
18,6,151,0.9066071428636268,0.9971585406834054
19,6,151,0.9013173248409924,0.973835869139086
20,6,151,0.9627232348812802,1.0435285145634594
21,6,151,0.9644228679122402,1.0866718531035435
22,6,151,0.9484960206814196,1.0680612967867724
23,6,151,0.9244462222771922,0.9827813237873642
24,6,151,0.951643040810934,1.0196541708874491
25,6,151,0.9247265663066444,0.9786577308830018
26,6,151,0.91943773615975,0.9721494429612976
27,6,151,0.9462458166039416,0.9996981134708266
28,6,151,0.9487608034560768,1.0038985948421533
29,6,151,0.9667872892042708,1.0261803033053878
30,6,151,0.965295183585802,1.0136490652549597
31,6,151,1.0035380901510595,1.0674182230831375
32,6,151,1.0067827876309503,1.0480194123167568
33,6,151,0.9887842875933888,1.026042303224486
34,6,151,0.99870726399605,1.0367537749589182
35,6,151,0.992112609522424,1.0531251816174656
0,7,152,1.0048844375956716,1.0767244037330683
1,7,152,0.96612376312577,1.1257473073937947
2,7,152,1.0560272042174872,1.0878541301006717
3,7,152,0.9950156085739156,1.0215550998984662
4,7,152,0.9388928107419048,0.9955240913574114
5,7,152,0.902554866137216,1.0021977962028648
6,7,152,0.9810505909600192,1.0451718157561265
7,7,152,0.9212590379710376,0.9833660692771428
8,7,152,0.9744606124891436,1.1019949247308136
9,7,152,1.03081077333555,1.612342881394876
10,7,152,1.1888531090862766,1.375071525828079
11,7,152,0.9704153783240216,1.0578163548618722
12,7,152,0.8972784174071311,1.0053781820626395
13,7,152,0.7972503452535319,1.0297051307176144
14,7,152,0.6956741423828491,0.9835498365461826
15,7,152,0.717447408932793,0.8578392055987697
16,7,152,0.8241510844710943,0.9371034287522444
17,7,152,0.9458415840574648,1.0163116831477437
18,7,152,0.9766266059367612,1.0357238881029645
19,7,152,0.9717101797837132,1.0423721387557474
20,7,152,1.0138843255327563,1.1270914842949251
21,7,152,1.02238802942776,1.1969732156620618
22,7,152,1.0344874649435327,1.0797369703627064
23,7,152,0.993086921329279,1.0623764143876644
24,7,152,0.9892643626957982,1.0794387660036755
25,7,152,0.9501873242248564,1.0366534299342467
26,7,152,0.9550566005586736,1.0213539292341858
27,7,152,0.9861323148232052,1.0155858174623766
28,7,152,0.957855256212044,1.01585990993393
29,7,152,0.9712765805697132,1.021144302911179
30,7,152,1.0172438629074954,1.06749209274513
31,7,152,1.0192481440292185,1.0790534824339897
32,7,152,0.9806792395894096,1.0336253787676353
33,7,152,0.9853637041934872,1.0168783699507802
34,7,152,0.9524197246750492,1.0094258327290622
35,7,152,0.9989108298720836,1.049409070507994
0,8,211,0.9540459155946174,1.0838584019242057
1,8,211,0.9131566260361303,1.0357556179657132
2,8,211,0.9631429419171534,1.166056501732525
3,8,211,0.9958022110286088,1.1685856995714194
4,8,211,0.9852930761290484,1.102891897593963
5,8,211,0.9340975591772052,1.045026484973893
6,8,211,1.0151648381316047,1.100218258480942
7,8,211,0.983657735088001,1.0558868113570397
8,8,211,0.9752746253911012,1.0582784522039497
9,8,211,0.9881007170039592,1.0615732420642074
10,8,211,0.972061161266276,1.0354887499354497
11,8,211,0.9699682594402412,1.1454393954739848
12,8,211,0.9284080206635944,1.0369070975923207
13,8,211,0.8168184675584097,1.0331484014855834
14,8,211,0.8944082518237121,1.0310561664811937
15,8,211,0.9095099888945182,1.0386248397083302
16,8,211,0.9447918129228582,1.1297486273058543
17,8,211,1.0211205224547026,1.234361434136844
18,8,211,0.9848716330851608,1.1617383416279798
19,8,211,1.0359995026675493,1.35758531834265
20,8,211,1.0728048802134649,1.4120671645418694
21,8,211,1.0833704426924002,1.3794928176463968
22,8,211,0.9389594273783948,1.1923149571469194
23,8,211,0.9545245236748297,1.2703272066287148
24,8,211,1.0190399754240576,1.3028251281587744
25,8,211,1.006855408888928,1.1765454695576418
26,8,211,0.9097680161486148,1.1099952588020214
27,8,211,0.7343588784104496,0.929642620617254
28,8,211,0.6290057396260791,0.799883584391127
29,8,211,0.753059308388281,0.9283391195896464
30,8,211,0.8211587390182334,1.0225545716540565
31,8,211,0.9698057687309236,1.1777237367391784
32,8,211,0.7974490432639149,0.9828632095252274
33,8,211,0.8771927348001748,0.9804407602196802
34,8,211,0.9313433184130452,1.0749343344610682
35,8,211,0.9252404476149514,1.0945469047519945
0,9,212,0.9425818330526624,1.1635277766371823
1,9,212,0.9286722185025154,1.0614851408426436
2,9,212,0.961322499237008,1.134308526756072
3,9,212,0.8970728941650715,1.0206503352656573
4,9,212,0.9185130516208304,1.0456937693952717
5,9,212,0.8437074384777694,1.0043974925488235
6,9,212,1.0088181374645488,1.1247619390866357
7,9,212,0.8942520056038221,0.9817206872425596
8,9,212,0.9597863553164712,1.169176138818316
9,9,212,0.9243460469053524,1.043459588120771
10,9,212,0.9668976679228454,1.1100502347492978
11,9,212,0.9534940400084976,1.1403350528098843
12,9,212,0.9176427554356404,1.1175438209047652
13,9,212,0.9163139863365904,1.1821727206153925
14,9,212,0.7891773846067184,1.0837285648123889
15,9,212,0.6711122849155365,0.8046493978994693
16,9,212,1.0088711837859308,1.2408377908468031
17,9,212,1.0589518667281987,1.2472617240474306
18,9,212,0.8942807929765916,1.0672725067307594
19,9,212,0.944444092890238,1.1687875933942868
20,9,212,1.00826313575801,1.4648389017611247
21,9,212,1.0629463679547952,1.4767447264511973
22,9,212,0.7908915154971982,1.0532130889171938
23,9,212,0.8438169544190819,1.025815635119678
24,9,212,0.9460250946266364,1.218558621236259
25,9,212,0.9047451273868102,1.1070346351188385
26,9,212,0.9414800967340452,1.1537611324398078
27,9,212,1.0235794874196218,1.222962746189692
28,9,212,0.968619341550801,1.1071918298236396
29,9,212,0.8771744828685062,1.079576877580829
30,9,212,0.918287909077936,1.0531180763925083
31,9,212,0.816569414698541,1.0013399914548966
32,9,212,0.7340399736592168,0.8856711759671841
33,9,212,0.8873403273420681,1.0160417241860746
34,9,212,0.9773063544375252,1.1729294605835352
35,9,212,1.0153909935799796,1.2722114747350295
0,10,213,1.0461306136929265,1.2757013585415131
1,10,213,0.8860686207008214,1.0394507622228606
2,10,213,1.0175010994025853,1.1928359750086497
3,10,213,0.9515948060079392,1.1369162801006585
4,10,213,0.9535211872515296,1.1480850724593334
5,10,213,0.8600282736088921,1.0223370940536265
6,10,213,0.8378196128625094,1.063116398913028
7,10,213,0.8069835783112363,0.9964082888478268
8,10,213,0.9182371887150016,1.0142102357271
9,10,213,1.0355241284425418,1.256494955669072
10,10,213,0.9827590009777286,1.1631979124756822
11,10,213,0.8935228203753479,1.052684719995477
12,10,213,0.9631081686650328,1.099320517536951
13,10,213,0.9446364574552908,1.0669314893918578
14,10,213,0.9723053517142024,1.1701612378571855
15,10,213,0.9734847368901166,1.184326900918974
16,10,213,0.9097619807953208,1.083109176904294
17,10,213,1.1305166035789072,1.4644503267697626
18,10,213,1.123385491996996,1.7752301931072765
19,10,213,1.0867634664227963,1.481612911288228
20,10,213,0.938489537760614,1.4005891096439491
21,10,213,1.1597219340310303,1.6940400623484748
22,10,213,1.115760121841496,1.43256299160649
23,10,213,0.8723504670216027,1.1080449292775558
24,10,213,0.8224199272186015,1.0698569105642106
25,10,213,0.6915191396247252,1.0258651534938532
26,10,213,0.6529891089297034,0.9785302121862736
27,10,213,0.4828120863749592,0.7357115774421672
28,10,213,0.741938982707551,0.9947328649785252
29,10,213,0.7840119845346024,1.0147738063655785
30,10,213,0.7062500585781185,0.931403871947297
31,10,213,0.7912019072093681,0.919923225118748
32,10,213,0.8419550309960436,0.9828027427742736
33,10,213,0.9548956773269816,1.106676441138519
34,10,213,0.9676321051965006,1.1870767039533152
35,10,213,0.9434773583928456,1.2470451002426477
0,11,214,1.089340866767846,1.3100557077788677
1,11,214,0.8968511849916236,1.0551086039229625
2,11,214,0.803683587559477,0.9942750617890748
3,11,214,0.7226681156787728,0.8898202076404167
4,11,214,0.7995613114776968,1.0301852552679638
5,11,214,0.7966426011983582,0.9620317062916146
6,11,214,1.016753139767429,1.3232851619460488
7,11,214,0.7764849344359765,0.9459403520133012
8,11,214,0.9295893597054334,1.317339619977541
9,11,214,0.9831134604388364,1.2182679511370549
10,11,214,0.885378232584709,1.083418051978822
11,11,214,0.8304964927770699,1.02351736785083
12,11,214,1.0176689131471426,1.3940612779523534
13,11,214,0.8032188588665988,1.1208005952152786
14,11,214,0.888470675476321,1.2693616772485683
15,11,214,0.9429844209883844,1.3335480902240582
16,11,214,0.903009599248136,1.175389124722429
17,11,214,1.083537338556148,1.493483966752125
18,11,214,1.1408083233057984,2.020341168398316
19,11,214,0.9454149131399257,1.563473316696495
20,11,214,0.8088016775191761,1.2885833643284956
21,11,214,1.138499273628543,1.632040215125068
22,11,214,0.8891562366133368,1.343936962637269
23,11,214,0.8010012386387152,1.17463657667591
24,11,214,0.9676854471376428,1.3665975416395275
25,11,214,0.8568767698913345,1.2346762795654305
26,11,214,0.6435798051725823,1.1047281515441745
27,11,214,0.6033957179703626,0.8546096068298876
28,11,214,0.8904297751063863,1.2998499210410548
29,11,214,0.8484438872266574,1.1428786283701775
30,11,214,0.5782172826856566,0.7950425972528437
31,11,214,0.804528159026939,1.0436276645978932
32,11,214,0.8946124348026153,1.1643350982849183
33,11,214,0.9780066726034352,1.1238105759786203
34,11,214,0.9767456600801694,1.2614057364082985
35,11,214,1.0238136251132073,1.6075265652919637
0,12,215,1.0596966484013974,1.2410104936194797
1,12,215,0.9656074301673812,1.133796568477704
2,12,215,1.0296692955952935,1.2017887386050932
3,12,215,0.9812361722148109,1.113195002736422
4,12,215,0.9761006252528674,1.1067775750179398
5,12,215,0.9034366244728812,0.977279046564784
6,12,215,0.9326727795139904,1.0608652492840005
7,12,215,0.9511340238026535,1.0462965444846848
8,12,215,0.9242801592865167,1.067669307799545
9,12,215,0.8977178813352961,1.0338817016741486
10,12,215,0.8295230723115151,0.9662055375227092
11,12,215,0.9040066242725288,0.9838944067499056
12,12,215,0.8971550889472321,1.0370430240044548
13,12,215,0.8927660869836386,1.0309091377675774
14,12,215,0.9531846616880127,1.0765068767729722
15,12,215,0.924290461059503,1.0184526887512788
16,12,215,0.9821961935688424,1.118132624327958
17,12,215,1.0320533397801686,1.3335981802848187
18,12,215,1.0136840954702728,1.349793403864782
19,12,215,1.010177427357718,1.3934949395411964
20,12,215,0.841408760318191,1.161095366170368
21,12,215,1.0794111445485095,1.512924097542551
22,12,215,1.022704355527699,1.3415434813150977
23,12,215,0.7248307185443142,1.1230033425225543
24,12,215,0.9177124699564926,1.2797145815147597
25,12,215,0.8483130143184678,1.169750268073417
26,12,215,0.7122910560035368,0.9713933007451306
27,12,215,0.7224493156990889,0.8585152966599677
28,12,215,0.8580337183871644,1.1185657599930396
29,12,215,0.8770731242296725,1.0503829647369465
30,12,215,0.8068605708100276,0.9621708287556572
31,12,215,0.918281238167472,1.0153749945661257
32,12,215,0.9501440907429944,1.0874619403731096
33,12,215,0.9639427204346108,1.1391302613670649
34,12,215,1.024114758002786,1.1082656369558703
35,12,215,1.026718990022598,1.2439873091629738
0,13,221,0.9768366256203036,1.0316633165907083
1,13,221,0.985743811545924,1.0525263634834892
2,13,221,1.047130920232256,1.1477565362429156
3,13,221,1.0128317439206964,1.0993819888301135
4,13,221,1.0354325198342291,1.2521662661167248
5,13,221,1.106047840039197,1.2114227343200066
6,13,221,0.9324437034399295,1.0103469897407436
7,13,221,0.92015601988342,0.9887756189957754
8,13,221,0.9678707032591518,1.0237543837575058
9,13,221,0.98919115981847,1.0351687324045276
10,13,221,0.9067600157775774,1.0167769706857646
11,13,221,0.9035732510384972,0.9987228596278184
12,13,221,1.0360827195520943,1.1408310064308151
13,13,221,0.9294776324224392,0.983789005570916
14,13,221,0.9010993105985596,1.0314484518047486
15,13,221,0.8680957019242489,0.9374463766636356
16,13,221,0.9035883604860624,1.0216992166718188
17,13,221,1.0470324809733735,1.1883576661992137
18,13,221,0.972930769815982,1.173697896906089
19,13,221,0.9574400041838323,1.133770845335467
20,13,221,0.9819208760644312,1.1893728038398816
21,13,221,1.046520220725603,1.1756745626260523
22,13,221,0.9391060580089232,1.1242398636041588
23,13,221,0.887305135547515,1.0089065117010745
24,13,221,0.8948748152238301,1.0036042236726106
25,13,221,0.8764647366962922,0.9522019730749456
26,13,221,0.822371313991839,0.9660616441393474
27,13,221,0.8790434535602188,0.9867442336735096
28,13,221,0.9058176713004,0.978905624571223
29,13,221,0.8811774174422422,0.9725631334912448
30,13,221,0.9380424319216748,0.99579207863758
31,13,221,1.0300529279871264,1.2372280846594437
32,13,221,1.0260564482532148,1.1333697734261594
33,13,221,0.9832277036379012,1.0556613088733773
34,13,221,0.9717115562453548,1.0530393932842803
35,13,221,0.987837775986556,1.0681943645432013
0,15,223,1.0348998317851714,1.282303046356889
1,15,223,1.0702161648091142,1.2830188861784564
2,15,223,1.0454322214350569,1.215458013011633
3,15,223,0.8697004699356263,1.0665429785785483
4,15,223,0.7737987994549042,0.9506568402747264
5,15,223,0.8573895941649204,1.00814327876036
6,15,223,0.8325616173389201,1.0288757355997828
7,15,223,0.8314990805166259,1.0035192826582644
8,15,223,0.8553350653964005,1.018288840560713
9,15,223,0.7561093920253007,0.9217446888989044
10,15,223,0.8441767141690407,0.9744628786496966
11,15,223,0.8559086484890998,1.0177825656470316
12,15,223,0.8903012799324118,1.0819208112560803
13,15,223,0.7955634789739051,1.046184017568028
14,15,223,0.9203984335708516,1.26948001550339
15,15,223,0.8530532638778974,1.1039404848393837
16,15,223,0.9184202014124708,1.1406602887778874
17,15,223,0.945679327024074,1.2541118907495132
18,15,223,1.0459564327460371,1.6358261884574352
19,15,223,0.8230393867695849,1.2189935720325555
20,15,223,0.800515695062968,1.3059213116700377
21,15,223,0.9341477700330408,1.4724403891590994
22,15,223,1.1435760135891362,1.5205685083373688
23,15,223,0.705665147812669,1.0843142010833695
24,15,223,0.9280236749644212,1.2415221335788178
25,15,223,0.6695297832278616,0.9250268664604518
26,15,223,0.931370517855154,1.3816039675349014
27,15,223,0.781785833300221,1.0043622261821847
28,15,223,0.9630675199414408,1.362846233986794
29,15,223,0.8629895891387943,1.0497449585680945
30,15,223,0.9065408284388377,1.021586266495537
31,15,223,1.0573469371818762,1.2721142781060493
32,15,223,1.0057812408237534,1.4305481638686242
33,15,223,0.9907943802494876,1.115550782810037
34,15,223,0.9277294020310396,1.1350782373934674
35,15,223,1.0943486115927978,1.3178924155321468
0,16,224,0.9769272820378184,1.1377967386704884
1,16,224,1.0776374774631203,1.2881320066675723
2,16,224,0.9723231980671512,1.157327924264502
3,16,224,0.9471252032664024,1.2186901975289135
4,16,224,0.7978467963285923,0.976902815550456
5,16,224,0.8895822876133314,1.0509129044636607
6,16,224,0.9005741972379303,1.1352305595932832
7,16,224,0.8888778504076759,1.0892312637633668
8,16,224,0.8032239329682834,1.0840487288400884
9,16,224,0.6831649933074343,0.83897601385639
10,16,224,0.7922423093560518,0.95930334221176
11,16,224,0.8135584004233589,1.086976073649348
12,16,224,0.9598470219156688,1.2555552529199387
13,16,224,0.9251203622162312,1.378597290368311
14,16,224,1.149781505196924,1.7024087591881345
15,16,224,0.7384436746423683,0.9870900166773066
16,16,224,0.7593692596260322,0.9576356938524716
17,16,224,0.9111663252096436,1.1962400824562174
18,16,224,0.9920338974230316,1.5029827436694865
19,16,224,0.7799322383170072,1.1704071290475893
20,16,224,0.937967043286572,1.5296720084587692
21,16,224,1.1147792576612312,2.0946509654784458
22,16,224,1.192091993315172,1.613120676534633
23,16,224,0.7955020905826404,1.1925644975906555
24,16,224,0.9845980710520452,1.5550431640367834
25,16,224,0.7634264631483023,1.1222527064385577
26,16,224,0.684522902448967,1.059405784146808
27,16,224,0.775179384602462,0.9736575113522952
28,16,224,1.0155234005947886,1.5354615709195805
29,16,224,0.9245536598473176,1.1016436967383434
30,16,224,0.7862115253265604,0.993259797308412
31,16,224,0.9315706317172078,1.1158352761013557
32,16,224,0.8886099803819963,1.0939456627070208
33,16,224,1.0204121752795816,1.1855978969292584
34,16,224,0.9473874336733354,1.2078594793053137
35,16,224,1.0320789525095615,1.2076521829794584
0,17,225,0.9914966250936348,1.095060540096832
1,17,225,0.9862770254886336,1.07726067115806
2,17,225,0.969933311363365,1.0477410381456718
3,17,225,0.9669322384261436,1.0762988441728696
4,17,225,0.976120708869538,1.0964865401510917
5,17,225,1.0156606832759774,1.060763073766686
6,17,225,0.9584423557804056,1.0516786295912597
7,17,225,0.9895407629617688,1.102060584544688
8,17,225,0.981929789178674,1.075081815036646
9,17,225,0.913881219965316,1.0018953224618463
10,17,225,0.8960821354926239,0.9837396277131653
11,17,225,0.8583767717172256,0.9818773342032192
12,17,225,0.8404783216648478,0.9661183611999772
13,17,225,0.8294189290560524,0.9279761084472156
14,17,225,0.8289380420938052,0.967133847489196
15,17,225,0.8888217776919363,1.0779377619601442
16,17,225,0.9505834385793256,1.061869844923407
17,17,225,0.9416988936434448,1.0867901707501848
18,17,225,0.9252094509394851,1.1422457207761756
19,17,225,1.0742346647937,1.35335556246417
20,17,225,1.0001489005429742,1.149072781676075
21,17,225,0.9065973848802829,1.025921924045358
22,17,225,0.9979459238720892,1.1247473863973612
23,17,225,1.0263047579976037,1.3615228369786934
24,17,225,1.1542690463518304,1.3847157906790029
25,17,225,0.9842553116705036,1.1871900928371726
26,17,225,1.0251178983896734,1.2564272693722869
27,17,225,0.975204149395934,1.0606615596283846
28,17,225,0.8793042804227694,1.108903477683289
29,17,225,0.8419279305689907,1.01895186279091
30,17,225,0.9144190956264204,1.0261828111407938
31,17,225,0.905084560816934,0.9934847901411388
32,17,225,0.862707249617618,0.9841656048683474
33,17,225,0.927486515060937,0.9762011849586014
34,17,225,0.9557825608783282,1.0472153153641728
35,17,225,0.9565868998447424,1.037252135399494
0,18,226,0.8877369209462181,1.0069676830060132
1,18,226,0.932075626480094,1.0339847092369858
2,18,226,0.9198732568059133,1.0434596683090331
3,18,226,0.8380549493966584,0.9693095041426476
4,18,226,0.7550205445393069,0.9162677009897396
5,18,226,0.8504362687500068,0.9320364609604108
6,18,226,0.9048345622816858,0.9877095577142716
7,18,226,0.9036576635034486,0.9814041010120064
8,18,226,0.9201847435671676,1.0345581466724083
9,18,226,0.8978969770186581,0.9765910180975216
10,18,226,0.9666741381624084,1.033852294880681
11,18,226,0.9147442647801476,1.0060061890761465
12,18,226,0.9560467461146724,1.0313601355104816
13,18,226,0.947436079438009,0.9623508521652816
14,18,226,0.0,0.0
15,18,226,0.0,0.0
16,18,226,0.0,0.0
17,18,226,0.0,0.0
18,18,226,0.0,0.0
19,18,226,0.0,0.0
20,18,226,0.0,0.0
21,18,226,0.0,0.0
22,18,226,0.0,0.0
23,18,226,0.0,0.0
24,18,226,0.0,0.0
25,18,226,0.0,0.0
26,18,226,0.0,0.0
27,18,226,0.0,0.0
28,18,226,0.0,0.0
29,18,226,0.0,0.0
30,18,226,0.0,0.0
31,18,226,0.0,0.0
32,18,226,2.12514376371212,2.3023629351321233
33,18,226,1.6656466075011385,1.8246406385044152
34,18,226,1.27983684686135,1.418861192129106
35,18,226,0.983091675845369,1.1661655010163177
0,19,231,0.9706620385108616,1.1340856516054183
1,19,231,0.8797398492431872,0.9862826033564848
2,19,231,0.9411013441475844,1.1234202385802443
3,19,231,0.8821722211671981,1.1859825489852327
4,19,231,0.9243518060972056,1.0361672597545457
5,19,231,0.9300560419502788,1.0524510469094142
6,19,231,0.9404355492769856,1.0373903101528137
7,19,231,0.90799664592044,1.024474448567039
8,19,231,0.9494991872306712,1.0406515045201516
9,19,231,0.952922517755432,1.081840093314848
10,19,231,0.9779974381780352,1.0993088263734785
11,19,231,1.034140894693049,1.2081878058594402
12,19,231,1.049588135227559,1.1308898006130927
13,19,231,0.9265127339739566,1.0321577829474238
14,19,231,0.85896261198183,0.9613731141448766
15,19,231,0.8822227579851162,1.0602907037514924
16,19,231,0.8974528051380805,1.0852675231627953
17,19,231,0.9807327843060222,1.1682741196180988
18,19,231,0.9402525678325172,1.178224695549936
19,19,231,0.9561158367373284,1.267458057915101
20,19,231,0.9877205833084598,1.278644438872058
21,19,231,1.0405437574465857,1.3101067138923463
22,19,231,0.8750872105452668,1.1019884691524708
23,19,231,0.9438464649819264,1.2931170344384058
24,19,231,0.943952564640226,1.2166371964667917
25,19,231,0.8841986835561001,1.004638754610543
26,19,231,0.9487565835527868,1.1885448008089088
27,19,231,0.916680550846418,1.1193219654845137
28,19,231,0.75515241205466,0.9678317848758196
29,19,231,0.8498631167029144,1.0294613631655156
30,19,231,0.8385500202683165,0.9521728785749964
31,19,231,0.8494485977731259,0.9998693124625886
32,19,231,0.8502300751946926,0.9877599203085808
33,19,231,1.0055328288381815,1.1304171399433909
34,19,231,0.9560966020298712,1.1515843785664763
35,19,231,1.0560645033297489,1.1381548413960576
0,20,232,0.9748510352029592,1.0415091873602096
1,20,232,0.9604586900235148,1.0532520115996375
2,20,232,0.9886588724062648,1.0264284060877549
3,20,232,0.954077563756532,1.035028470481308
4,20,232,0.9636343154375542,0.994862021744264
5,20,232,0.9813758586538956,1.0081119545527526
6,20,232,0.9892367862748052,1.0188763563093273
7,20,232,0.9627105288164935,1.0461018940371496
8,20,232,1.0107240913760454,1.1498559140318685
9,20,232,1.0286941025639502,1.1055182344282877
10,20,232,0.9737304982017272,1.0249634335698738
11,20,232,1.00266995709448,1.0945543633004544
12,20,232,0.9314273885237144,1.005454982232958
13,20,232,0.9405175980979702,0.975699924255358
14,20,232,0.9254832368581938,0.978080302290091
15,20,232,0.965037324588188,1.0006403896949057
16,20,232,1.0051252505773165,1.0459525135444645
17,20,232,0.9898766750710438,1.047493331998368
18,20,232,1.0185662105182045,1.040245683533404
19,20,232,0.9879204424174284,1.0108305865081644
20,20,232,0.9804750643519216,1.030716120721635
21,20,232,1.012121987246008,1.0508961340254264
22,20,232,1.0279248210066492,1.1340234438574506
23,20,232,1.0461546057369229,1.1769328212683936
24,20,232,1.0532890018987269,1.1781382558389335
25,20,232,1.0335159235886409,1.129129923106287
26,20,232,0.99963040956152,1.0382745930689603
27,20,232,0.9185494838415283,1.021865545884886
28,20,232,0.9266081442725844,0.9932347180150553
29,20,232,0.9426404589070456,1.0404124528758751
30,20,232,0.9302284489773464,1.0129198665766126
31,20,232,0.8528839510741952,0.9644478145560108
32,20,232,0.855193488948045,0.9533061042246042
33,20,232,0.8866344817010791,0.9431119951513458
34,20,232,0.9607389673008664,1.0282931039693235
35,20,232,0.9830770135985856,1.0604603444047307
0,21,233,1.03406123194204,1.1685742755010144
1,21,233,0.94819396137348,1.0855286570055378
2,21,233,0.9705069589292724,1.1544743148861063
3,21,233,0.9557725224654948,1.0933914981802595
4,21,233,0.910006534505158,1.0648501866909286
5,21,233,0.9575974760387652,1.0605395943824878
6,21,233,1.0017042706645771,1.1623412136204918
7,21,233,0.9286311689303344,1.0379131061445654
8,21,233,0.9294682457805222,1.0515956259433694
9,21,233,0.8525603342816468,0.9975827598503444
10,21,233,0.8706117190079264,0.993463022912742
11,21,233,0.8411918700506501,1.0123705654811992
12,21,233,0.9675911634373024,1.1277749044792174
13,21,233,0.8330708610761991,0.9525797318819884
14,21,233,0.9767195941192992,1.163433146287197
15,21,233,0.9418885277938484,1.0533482760271748
16,21,233,0.9650024216498806,1.0869545664994933
17,21,233,0.9932623355085576,1.2499083317311894
18,21,233,1.036695077855038,1.3302554680489151
19,21,233,0.8344993670299354,1.1731541212021142
20,21,233,0.9275688668749263,1.2136925612189182
21,21,233,1.0036870216412015,1.334900266148012
22,21,233,0.9975338729641624,1.1803831491737091
23,21,233,0.7622019875898792,1.0283528161582345
24,21,233,0.9626164509079564,1.1745215898682322
25,21,233,0.8988886539084714,1.1460666969338065
26,21,233,0.7754825645787338,1.0029923698391938
27,21,233,0.7757712992929399,0.971295129866352
28,21,233,0.9205673413358064,1.1846789190806912
29,21,233,0.8500459586594887,1.0825550608033578
30,21,233,0.797309892943427,0.95954815742926
31,21,233,0.9073522947348794,1.0282634096290624
32,21,233,0.9546516852434044,1.039734049510444
33,21,233,0.9794994259690842,1.1409325479444246
34,21,233,0.988977199921678,1.2268039686080037
35,21,233,1.050890130576578,1.305285615745371
0,22,241,0.9860727884429402,0.9933669497817004
1,22,241,0.997602582147508,0.9977517644540989
2,22,241,0.9931672763355168,0.9971874358447956
3,22,241,0.9973211210425372,0.9973211210425372
4,22,241,0.99772784675848,0.9993830782127658
5,22,241,0.9935750423925412,1.003747514417519
6,22,241,0.990405377771708,0.994678973487828
7,22,241,0.9993470142386848,1.0013422613514928
8,22,241,0.9985768082248986,1.001731356586798
9,22,241,1.0003126568844711,1.0011198737340543
10,22,241,0.9996127982938156,1.00082637990728
11,22,241,1.0000783397751147,1.0001796261115878
12,22,241,0.9996921275371388,1.0006483118632652
13,22,241,0.997911415630052,1.0013530995177824
14,22,241,0.9970373255483246,0.999594403085227
15,22,241,0.9860205174199906,0.9926898897966748
16,22,241,1.003090175224627,1.0115146495361071
17,22,241,0.999714763621057,1.0044321014297073
18,22,241,0.9996603720186528,1.0047641225031525
19,22,241,0.9944136613910084,0.9998151900520832
20,22,241,0.9802950880491104,1.0064401396746938
21,22,241,0.9777130570896008,1.0452596539072427
22,22,241,1.049823789807937,1.1030515455177172
23,22,241,0.9938835055939036,1.0252757585300836
24,22,241,1.025767419484974,1.0506193168698637
25,22,241,0.9592534901858092,0.9955399335670422
26,22,241,0.9752513367326308,0.9954784201270408
27,22,241,0.980345918297311,0.9951073606795428
28,22,241,0.9886960146160748,0.9965111729188456
29,22,241,0.9978997438285184,1.0042221868622043
30,22,241,0.995406293010112,1.0016373499394673
31,22,241,0.997368594834621,0.9993451430350464
32,22,241,0.995980125535891,1.0032172102134098
33,22,241,0.9991950342259812,1.001365756206769
34,22,241,0.9949349850852492,0.9993514248979732
35,22,241,0.988645271415742,0.9973292743257564
0,23,242,1.117955356538383,1.2419258877232
1,23,242,1.0215025684220571,1.3517877457451484
2,23,242,1.1028512986309091,1.252300291134909
3,23,242,0.9982991075933962,1.207114757246426
4,23,242,0.8517700213626638,1.052722864384861
5,23,242,0.872935751803335,1.026136490136577
6,23,242,0.8410379022984463,1.0029444327669577
7,23,242,0.8151259827146823,0.978707569213918
8,23,242,0.8123077048638944,0.9396460455517212
9,23,242,0.8145687846619308,0.9641052428861636
10,23,242,0.8621451925803142,0.9968394717174264
11,23,242,0.8932462783786485,0.996338093855046
12,23,242,0.9465560333195272,1.1611845646646686
13,23,242,0.9536537393027928,1.108482130872179
14,23,242,0.9209200461271644,1.0808885604912102
15,23,242,0.9851573248960218,1.1316062778651337
16,23,242,0.9178591101887796,1.035232493692564
17,23,242,0.9349351438454776,1.0799302245924138
18,23,242,0.9788832380915062,1.1878278343899342
19,23,242,0.9990922878750016,1.192800265541175
20,23,242,0.8180992144522824,1.0516268327975806
21,23,242,0.8527040000933418,1.1276129488797757
22,23,242,1.0050197003351855,1.1567128303081384
23,23,242,1.0226866444501697,1.234225216293534
24,23,242,1.1245489922995189,1.344650576796436
25,23,242,0.9213105087974628,1.1523039754550686
26,23,242,0.8267998796921656,1.031342645212592
27,23,242,0.7927674726839774,0.93229107001769
28,23,242,0.888279498470506,1.0362954429056963
29,23,242,1.0416869506954032,1.1592189345157744
30,23,242,0.8375719345822873,0.9822178216100428
31,23,242,0.7723056169238802,0.8890609543690556
32,23,242,0.8564375954423443,0.9511729967441512
33,23,242,0.9904611498840524,1.0758352341552178
34,23,242,0.9809995168484154,1.0807598499374615
35,23,242,1.0486174636999208,1.4134414026302669
0,24,243,0.7939775507275931,0.9673663728474876
1,24,243,0.8840927838438603,1.0274270828507113
2,24,243,1.0194260955179242,1.289488421754564
3,24,243,0.8722381139128711,1.127131671638362
4,24,243,0.864275227673111,1.1196400758469485
5,24,243,1.0416333811235985,1.3158885615815974
6,24,243,1.2887970703569176,1.6641608852822491
7,24,243,1.0965955947161128,1.4076751910854182
8,24,243,1.0438587938427224,1.2169322510446194
9,24,243,0.8378910653980953,1.1641645578800393
10,24,243,0.6672548988387405,0.891297597593652
11,24,243,0.7062278079724907,0.93440476675097
12,24,243,0.7921694075212913,1.0219043985570957
13,24,243,0.7533645478563532,1.1532010782579796
14,24,243,0.7495802285625738,1.0945572877969958
15,24,243,0.9270596844884564,1.3172646463921147
16,24,243,0.9768964284308032,1.2037110607481991
17,24,243,0.8143574233407488,1.130843138612265
18,24,243,0.7615797756737335,0.9858877542132312
19,24,243,0.8889071480316945,1.205595784644191
20,24,243,0.8335667521756163,1.0156721637308996
21,24,243,0.9732158289830496,1.1703579912172928
22,24,243,0.8399036238560695,0.9761894978841024
23,24,243,0.8701555671152773,1.020994214317856
24,24,243,0.961495454477247,1.2091752610983284
25,24,243,1.0767635099307105,1.4558407619510223
26,24,243,1.0557340121885044,1.5692973565303252
27,24,243,1.0337018584532016,1.3872850852476193
28,24,243,0.9583955131220276,1.2095608518420444
29,24,243,1.011797651636628,1.2146255841457068
30,24,243,0.8392596612379354,1.0265107261189266
31,24,243,0.7612572034133955,0.9569782179090724
32,24,243,0.7877364475815088,0.981014289934965
33,24,243,0.99906243329025,1.1563452439241984
34,24,243,0.9059053256789824,1.0785977981491977
35,24,243,0.8947156890154694,1.0354472283838811
0,25,244,0.9986878095043964,1.0070353923120576
1,25,244,1.0016106013610555,1.0069021791695725
2,25,244,0.9976570131380492,0.9997560895444304
3,25,244,0.9977337565033024,1.0015815321027244
4,25,244,1.0000438571416956,1.001198713664566
5,25,244,0.9950656987746944,0.997129191064854
6,25,244,0.9993558299005744,1.0020921195873485
7,25,244,0.9972370041470168,1.0027974287288433
8,25,244,0.9963226102524736,1.0005331076058572
9,25,244,0.9983648223052378,0.9985991839830984
10,25,244,0.9954524498781832,0.999984436299085
11,25,244,0.9896765686912952,1.004504482759225
12,25,244,0.9496058755849972,1.000993000107197
13,25,244,0.927729822242135,0.9435815828396936
14,25,244,0.9744618548724332,1.0014732169061056
15,25,244,0.8441299302239859,0.8999111730438983
16,25,244,0.955330603205595,0.9710010254291276
17,25,244,0.9787397795613382,1.043660147641994
18,25,244,0.9714628535422172,1.0414950343148994
19,25,244,1.0081846724838357,1.0449589467962812
20,25,244,0.9829813566883756,1.0196054527730185
21,25,244,1.0048464017128704,1.00777128372313
22,25,244,0.9928415369803832,1.0148362550743633
23,25,244,1.0031586584618042,1.060016561074351
24,25,244,1.0794451491773775,1.0850315541338331
25,25,244,1.0007737226758415,1.0560425202177577
26,25,244,0.96985194202476,1.0080908425993929
27,25,244,1.0031547624228547,1.0055162973747802
28,25,244,1.0003874919073643,1.0458648833785444
29,25,244,1.0526991158621983,1.0622666155941298
30,25,244,1.0017833821722884,1.008424406176401
31,25,244,1.004737743763618,1.013056747868564
32,25,244,1.001040724453728,1.013775150062791
33,25,244,1.002772841719995,1.0087169898353796
34,25,244,1.0028760540758803,1.0044862575419289
35,25,244,0.9641920122812216,0.9995221172073498
0,26,245,0.971309438801362,1.0874950345206615
1,26,245,0.9820952507230668,1.0296821236336755
2,26,245,0.9745253011431618,1.0029322790640516
3,26,245,0.9638365019942404,1.0076715475217517
4,26,245,0.9807977285157587,1.0893112901856323
5,26,245,1.0254675746910755,1.1365661716808104
6,26,245,0.9616913716173116,1.0441500276797522
7,26,245,0.906950347620359,0.9903862959526044
8,26,245,0.8746206039160137,1.010019923335831
9,26,245,0.9340071802648608,1.0783250421163204
10,26,245,0.9251737389691376,1.210548066041306
11,26,245,0.891968812008563,1.0310713239085034
12,26,245,0.8904793494474467,1.035133238536558
13,26,245,0.8503948598100003,0.9523532566668486
14,26,245,0.8899521622982416,1.0859114390942537
15,26,245,0.990778670299009,1.123368050352826
16,26,245,0.9160842120431818,1.042968749515988
17,26,245,0.96867732187893,1.0314085211057873
18,26,245,0.96311205156681,1.0254173767655406
19,26,245,1.0064692116651184,1.0597760754357493
20,26,245,1.0022154557989589,1.0964713640014014
21,26,245,1.0292173617825642,1.1360415393788543
22,26,245,1.044300117184771,1.0747337792412368
23,26,245,0.9789261585401864,1.0172261201356996
24,26,245,1.0108778039333366,1.0807455641782595
25,26,245,0.9933341176093884,1.0392626765202388
26,26,245,0.9560908994969948,0.9917852588297724
27,26,245,0.9777472518658236,1.0008330514713275
28,26,245,0.9827967282437036,1.0216748538683993
29,26,245,0.9684661983940356,1.0257455300928235
30,26,245,1.0252506177325078,1.0537985612851146
31,26,245,0.9937396970968144,1.035735780496516
32,26,245,1.0044910212464526,1.0268746680885568
33,26,245,0.9936067122225036,1.0430176957271473
34,26,245,0.9800833138957378,1.0115457360486757
35,26,245,0.9779936305376746,1.024499155474467
0,27,246,1.1095249823670854,1.2350321135493325
1,27,246,1.0324789094689055,1.2124820847274325
2,27,246,0.9857057870654404,1.1065263254952094
3,27,246,0.8951210661429215,1.0288402040905025
4,27,246,0.9005713041695637,0.974061090414375
5,27,246,0.9245428993417776,1.015042251329087
6,27,246,0.8163348494591367,0.9721487435891382
7,27,246,0.8102510016428393,0.9243994122885548
8,27,246,0.8469816605267039,0.9617220065758598
9,27,246,0.9075049601902178,0.9910807235417186
10,27,246,0.9969512601698264,1.128334437558728
11,27,246,1.0288577773326133,1.1597984724756512
12,27,246,1.048287545936513,1.2577240526848554
13,27,246,0.9492951526260552,1.1114757629151095
14,27,246,0.9986029515448188,1.15668525540776
15,27,246,0.9937539725443738,1.0681218356265398
16,27,246,1.0173241272727829,1.255986165732668
17,27,246,1.0088860920164875,1.2143599732897945
18,27,246,0.8823550746373113,1.0059292446716055
19,27,246,0.9697769192156188,1.0829635871418215
20,27,246,0.98568539149058,1.1096793052569047
21,27,246,1.0021263028027425,1.2332561023006452
22,27,246,1.0053416575441645,1.130447203367711
23,27,246,0.8666482777729039,1.0748278841643018
24,27,246,0.9369093790320518,1.0767763202745366
25,27,246,0.9756318303649376,1.114844320761967
26,27,246,0.8901634243293479,1.1223651046201322
27,27,246,0.8807611229972968,1.0058437001684537
28,27,246,0.8928124255010742,1.026958196180867
29,27,246,0.9245470293829526,1.0286743567193128
30,27,246,0.96568520619092,1.0349689052997606
31,27,246,0.928794418883036,1.0545050025684513
32,27,246,0.8473566428278244,1.0166181849519536
33,27,246,0.9376552534116046,1.0231293774100758
34,27,246,0.9519093173062472,1.0792402957310296
35,27,246,1.037219986684902,1.2462776835143876
0,28,247,0.9988588749976586,1.00678897942156
1,28,247,0.9911642310319168,1.0063023030085734
2,28,247,0.988795937971914,0.995351582725492
3,28,247,0.9971068323640084,1.00685912378538
4,28,247,0.9949598962576052,1.01654913948013
5,28,247,0.998122992009162,1.0138334384810357
6,28,247,1.0240339784931074,1.0491586208567851
7,28,247,0.9974916070315172,1.019874065932064
8,28,247,1.0039805684856524,1.0150176211308597
9,28,247,0.9936693985362298,1.0059050530636169
10,28,247,0.9908674475631932,1.0045712581570727
11,28,247,0.9984688026416284,1.0163505092425773
12,28,247,1.0056020488219704,1.0221057813279453
13,28,247,1.0051381028281243,1.0194652491518343
14,28,247,1.0045270213926616,1.022055060740596
15,28,247,1.0171040365674118,1.02763607046132
16,28,247,0.9970944884786248,1.02827039128613
17,28,247,1.0035011342229423,1.0069834320192537
18,28,247,0.9963111409919746,1.001584804710058
19,28,247,0.9890479493614954,1.00981516175709
20,28,247,0.9977139015654828,1.0008648996096514
21,28,247,0.9911340294289556,1.016985582732132
22,28,247,1.0108350514137816,1.056122659125724
23,28,247,0.9977089746469896,1.0428292016119256
24,28,247,0.9678112873880012,1.0037774213044035
25,28,247,0.8981205328473812,1.0017292810869445
26,28,247,0.8743821242101748,0.9198283777177516
27,28,247,0.9284675085397044,0.9933132221038484
28,28,247,0.9399862170495442,1.0043266277473857
29,28,247,0.953368959440987,1.016662407868361
30,28,247,1.0260659466287418,1.1158649425881404
31,28,247,1.0452334498750486,1.0823751713966088
32,28,247,1.0142821484401414,1.062256617078611
33,28,247,0.9905716482450272,1.0116546872081509
34,28,247,0.9859751192425316,1.0027002234846287
35,28,247,1.0012430946705484,1.0085236448761243
0,29,252,0.906199970818442,0.9926929371505128
1,29,252,0.9592727014875502,1.3274620881030783
2,29,252,0.989327735382882,1.2239407956838433
3,29,252,0.8417578528214539,1.0906683147597638
4,29,252,0.9095737329478571,1.138376337091762
5,29,252,0.8910956995228062,1.0520208191793847
6,29,252,0.918314484816586,1.056658765741887
7,29,252,0.8967322726751222,0.984949105757822
8,29,252,0.8300977331691595,1.0026169338893267
9,29,252,0.8338618241065557,0.9886139350497148
10,29,252,0.900894588826318,1.100836056742396
11,29,252,0.8362991036914424,0.9792834997865716
12,29,252,0.9601591521804146,1.153173025557921
13,29,252,0.8536744135089375,1.0552422084542628
14,29,252,0.8364788631187784,0.9807493111936096
15,29,252,0.8456963306737705,0.9698038265464192
16,29,252,0.8728593609662917,1.0306711527686854
17,29,252,0.8777730129344535,1.0068418966230677
18,29,252,0.9318969072706982,1.2091037773523166
19,29,252,0.9621013341892364,1.1890230437186542
20,29,252,1.0167117251255802,1.3663031027806554
21,29,252,1.1167368722424174,1.8068178062335123
22,29,252,1.2321302213401164,1.594202533646094
23,29,252,1.030425903885921,1.320568614258926
24,29,252,1.0502428214806487,1.285639565725882
25,29,252,0.8120235839178047,1.1203940641008452
26,29,252,0.6611223709852115,1.029694181635729
27,29,252,0.7288554818270622,0.9669571862511896
28,29,252,0.9228620394251422,1.1094412551187145
29,29,252,0.90976892657197,1.092818040890046
30,29,252,0.9572587506210972,1.1212219945797326
31,29,252,0.9915265448116792,1.2214243117409638
32,29,252,1.0552125779005193,1.2279625431661625
33,29,252,0.8836805338169339,1.046826327236672
34,29,252,0.8400208941389654,0.9743670534277517
35,29,252,0.9456533074692652,1.0537877316050264
0,30,253,0.968904137271407,1.1618815174795196
1,30,253,0.9091215133265962,1.0427698358049815
2,30,253,0.8724697621907777,1.0778081471104537
3,30,253,0.784875869236234,0.9764696418196168
4,30,253,0.7722769048380903,1.027125382829498
5,30,253,0.8348898624392511,0.9924929935931404
6,30,253,0.9059072786343516,1.1088936673344163
7,30,253,0.8374019148553233,0.9528667133049904
8,30,253,0.95279616162062,1.1477329657019093
9,30,253,0.9307876231249732,1.0492853436323475
10,30,253,0.9592629208903524,1.0987621828890306
11,30,253,0.949097913803555,1.0642713863710729
12,30,253,0.9835299824643976,1.2837733988699225
13,30,253,0.8858610524463666,1.0945278527430848
14,30,253,0.8652258110484644,1.000626294914641
15,30,253,0.8819228645921459,1.02001117338499
16,30,253,0.8366454149221446,0.9436843776291364
17,30,253,0.934388038551122,1.0079436674997375
18,30,253,0.9883272650781068,1.2093363878809684
19,30,253,1.0419116064479457,1.2518285754038458
20,30,253,1.01372948321665,1.363725721104143
21,30,253,1.173368266790589,1.5801634655861845
22,30,253,0.9878571578025968,1.1944584681374888
23,30,253,0.926996855029472,1.2273512430414344
24,30,253,1.0200023144465291,1.325874795394392
25,30,253,0.980252253634092,1.1704483544754798
26,30,253,0.8057314375340557,1.1267347678517876
27,30,253,0.6774325356474585,0.861257158494364
28,30,253,0.9023619376208676,1.1155570920564175
29,30,253,0.900484482887383,1.143632288088736
30,30,253,0.7597331858662763,0.9329286743452654
31,30,253,0.7974367706753172,1.0244250916308986
32,30,253,0.8591678104371673,1.0082150385478377
33,30,253,0.9944651076031048,1.1327934979014358
34,30,253,1.0892490914860609,1.3948944839068422
35,30,253,1.1870446377004775,1.6787216844688349
0,31,255,1.0938189020308349,1.4446875950121827
1,31,255,1.104105832319384,1.407126385976679
2,31,255,1.064097048156017,1.3294498952006455
3,31,255,1.03574261540365,1.3051399501180538
4,31,255,0.7035639066696482,0.938478471809799
5,31,255,0.8219634611533945,0.9482470826909224
6,31,255,0.8609824899823227,1.1313740221865487
7,31,255,0.7069214631867862,0.8809743334671274
8,31,255,0.8018115355104429,0.9467087337045044
9,31,255,0.8491005051657218,1.0430422458988613
10,31,255,0.7717765539074247,0.9737912882480724
11,31,255,0.8810056772556637,1.1278596277823714
12,31,255,0.8455829316947453,1.0190890199086762
13,31,255,0.917012182275784,1.1050664484532264
14,31,255,0.983289039864983,1.1647431699491422
15,31,255,0.951478889310276,1.208311855737312
16,31,255,0.9386380786319308,1.1473352819433522
17,31,255,0.962407171225734,1.198690966367589
18,31,255,0.7403255149988763,1.0299618928228982
19,31,255,0.6104417892673779,0.9494105853095284
20,31,255,0.7543915879478761,1.10908541276823
21,31,255,1.0483668556570709,1.8567952957581575
22,31,255,0.9646512275967418,1.2115174595704787
23,31,255,1.2083083444709068,1.7774479347277536
24,31,255,1.1471078473021707,1.7866010569911457
25,31,255,0.9388943134944004,1.305312141186188
26,31,255,0.6260993472281954,0.865292347386646
27,31,255,0.6758837109379074,0.8917615254282585
28,31,255,0.7459919836189154,0.9031447642119458
29,31,255,1.013669045123976,1.3451683615616858
30,31,255,0.9619714512083596,1.348545783991298
31,31,255,0.7807275581168914,0.934986791858157
32,31,255,0.7581055253960333,0.9382301537486036
33,31,255,0.920353030478678,1.021135069226896
34,31,255,1.0497565178607215,1.5634851972444237
35,31,255,1.1786477683727432,1.8165872674119272
0,32,256,1.02616724299988,1.46350140702993
1,32,256,1.1590930722094228,1.4343516011617854
2,32,256,1.0922616515290766,1.2215218394139633
3,32,256,0.9245999681164512,1.0475512584568918
4,32,256,0.8111314748098714,0.9448094479837128
5,32,256,0.8690233813356154,1.0351163196890916
6,32,256,0.955190797085072,1.0871379326052817
7,32,256,0.8567836245497262,0.9659038030743594
8,32,256,0.8696736793576335,1.0233472006397322
9,32,256,0.844934235553391,0.9719282096741896
10,32,256,0.8684376677208494,1.0032612066653337
11,32,256,0.8903776135898324,1.0919004098589984
12,32,256,0.8579931944710614,1.0409615881452594
13,32,256,0.8222368528513139,1.0952661653083835
14,32,256,0.8110983340322472,1.0498621862883706
15,32,256,0.910460638244161,1.05029020788814
16,32,256,0.8914972603919823,1.0451876028013298
17,32,256,0.818686755653146,0.9452196452951344
18,32,256,0.9041107242424796,1.20617395056322
19,32,256,0.8627030308517383,1.1295179028022282
20,32,256,0.9310703475806628,1.174457010406852
21,32,256,1.2104709234561255,1.6063656679496878
22,32,256,1.0958374781177966,1.6240277138623014
23,32,256,1.067615790690457,1.4187631411996444
24,32,256,1.0510775978869222,1.4012119503073184
25,32,256,0.9673687694169316,1.2983073706776371
26,32,256,0.7985340113920514,0.9733513698302438
27,32,256,0.7881737244536282,0.8976610414864856
28,32,256,0.8534195599096543,1.035283863590861
29,32,256,0.866839981868852,1.0818107584310377
30,32,256,0.732744638824415,0.9123683157443352
31,32,256,0.7261558168268155,0.9155277203181994
32,32,256,0.8138850984113114,1.0031759024072835
33,32,256,0.9934450531024088,1.1787362185503107
34,32,256,0.980915258912732,1.2346442806239024
35,32,256,1.0662440346547373,1.4170249634687118
0,33,257,1.0125860270406275,1.0620367588843096
1,33,257,0.9696788011020722,1.0318326826907294
2,33,257,0.9558628397712732,1.051201098319695
3,33,257,1.0015717949584857,1.0435357301264048
4,33,257,1.0001524299933764,1.1221866570526158
5,33,257,1.0386538843481443,1.0807962195475531
6,33,257,0.9541852449297802,0.977036157662156
7,33,257,0.9620287705550282,1.011395965555202
8,33,257,0.9433511242205956,1.010656114165161
9,33,257,0.929537302774608,0.9943308578884276
10,33,257,0.950986894577961,1.01460337386286
11,33,257,0.9528508894195156,1.0234814486361332
12,33,257,0.93195371648855,0.9938278112290054
13,33,257,0.9567134304590962,0.9917328131027509
14,33,257,0.9695903736697432,1.0737495001149922
15,33,257,0.9948768726442352,1.0401524087431395
16,33,257,0.9048566668976384,0.9930667636126717
17,33,257,0.8748680568158776,0.9301561422479326
18,33,257,0.9112407779616044,0.952811789562105
19,33,257,0.9197432888711812,1.001047687994587
20,33,257,0.977348399249883,1.015988805601549
21,33,257,0.9955324993519002,1.0745919279139855
22,33,257,1.0339929726997017,1.1326125246620635
23,33,257,1.0502038043225903,1.1563432246662673
24,33,257,0.9857445371651132,1.0578003029143257
25,33,257,0.9014607206117125,0.999672318935542
26,33,257,0.9537770513678112,0.989306837053632
27,33,257,0.95805213575031,1.0327884393330733
28,33,257,0.960736904704787,1.013839706534802
29,33,257,0.989311631414828,1.0444137845745558
30,33,257,0.998061895867222,1.1079003566148735
31,33,257,1.0209953525957025,1.0998640601605032
32,33,257,0.9912165684412768,1.0603474145627154
33,33,257,0.9924568115002588,1.085147482887449
34,33,257,1.031625131518709,1.0996031612206705
35,33,257,0.9762421532395896,1.0596723739904208
0,34,258,0.9941924384954034,0.9998080820282946
1,34,258,0.9863985341405028,1.000638769920201
2,34,258,0.982928516502122,0.9890077163185368
3,34,258,0.998320694366862,1.0171466634295516
4,34,258,1.0065202105048932,1.008320417542673
5,34,258,0.99960548082738,1.000311298774285
6,34,258,0.9968939244137432,1.0000150365643496
7,34,258,0.9919795165151596,1.0047526006020002
8,34,258,1.0007564657023114,1.0130435496130268
9,34,258,0.9998861696784402,1.004705857548348
10,34,258,1.001248253307571,1.015426440846041
11,34,258,0.988045557627324,1.0100636894457156
12,34,258,0.9749092034533398,0.989460743188824
13,34,258,0.9843254813943814,1.0047116116228625
14,34,258,0.978362188926624,0.9963066767539694
15,34,258,0.9896893154600932,0.992628015915092
16,34,258,0.9765725527918608,1.0290311914450372
17,34,258,1.000552083262734,1.018005950639684
18,34,258,0.978997225671712,1.0039053928331787
19,34,258,1.0151593724411738,1.0520142581056282
20,34,258,0.9970893061203268,1.0415680197469868
21,34,258,1.004092929518998,1.0110507257285428
22,34,258,0.9890910481039136,0.99692139916088
23,34,258,0.9891687790131716,0.9974769960975576
24,34,258,0.9930876791360804,0.9952604637733808
25,34,258,0.9980131074202552,1.0075579424140308
26,34,258,1.001690056626792,1.0077839293938426
27,34,258,0.9984918338292016,0.9984918338292016
28,34,258,0.9993329228243022,1.0089871745000598
29,34,258,1.0026996581235383,1.0085421137397643
30,34,258,1.0019732150946707,1.0106320272711964
31,34,258,1.0052969205438895,1.0111937135407538
32,34,258,1.0010654563266972,1.0041229249568546
33,34,258,0.999428419665688,1.0015766473778254
34,34,258,0.9984209015216768,0.999138673557278
35,34,258,0.9851084135639172,0.9984230597867564
0,53,422,0.9690329134056898,1.0172209141229314
1,53,422,0.968977752248728,1.0440328561583712
2,53,422,0.9466184636992512,1.0508785715276658
3,53,422,0.8732976001170206,0.9928301977830823
4,53,422,0.9477609661953856,1.0255088052392018
5,53,422,0.9856751299048484,1.1025095038144814
6,53,422,1.0576774830354203,1.2912132850403175
7,53,422,0.9354782988488708,1.024700928660364
8,53,422,0.953148054319456,1.1226154032894706
9,53,422,0.92378192427784,1.0712312163895616
10,53,422,0.8195531171903526,1.0077309564752388
11,53,422,0.9082054164008256,0.9816008417549276
12,53,422,0.8982422225917274,0.9809255618326108
13,53,422,0.8502734097649437,0.9745496989504796
14,53,422,0.8552569473083677,0.9442103214770978
15,53,422,0.9182954303416192,0.982390246612819
16,53,422,0.9463505118945942,1.0082466624871642
17,53,422,0.9711598116100096,1.0490854044577749
18,53,422,0.9886318865340072,1.130139662348524
19,53,422,0.9893442896790532,1.237085304405151
20,53,422,0.9986606995423616,1.166707313132723
21,53,422,0.9412975134284252,1.1388372014471024
22,53,422,0.9949454991816022,1.1721746872297083
23,53,422,1.024402132837267,1.2798256790901157
24,53,422,1.0471649682673607,1.3031075164302754
25,53,422,0.9790776680830168,1.2798763051092894
26,53,422,0.9000738884362951,1.0806962034325929
27,53,422,0.9002304817732799,1.1232212758510267
28,53,422,1.0596016619184718,1.295855006136991
29,53,422,0.789243749602368,0.990079098302851
30,53,422,0.9036775755485662,1.0121652079214962
31,53,422,0.9328155208980596,1.0961836969498648
32,53,422,0.918234306073112,1.0329184331730314
33,53,422,0.948805471728927,1.0204526836296288
34,53,422,0.99176859242456,1.0819369407579844
35,53,422,0.987407668362379,1.1401128556931437
0,37,312,0.9930014797056425,0.9983318448843967
1,37,312,0.9959027321208608,0.999337778280862
2,37,312,1.00047042513772,1.0026805534061634
3,37,312,0.9997683477672856,1.0013837235981513
4,37,312,1.0002842399252732,1.0023621406813246
5,37,312,0.9986219138779392,1.0018194823354063
6,37,312,1.000934739943671,1.005231766506309
7,37,312,1.0020458918107824,1.0061015987923203
8,37,312,0.9996756108043692,1.0025551458483772
9,37,312,0.9999907228024696,1.0017991975110772
10,37,312,1.0009746874630578,1.0054357370525353
11,37,312,1.0004876248359715,1.001879053813692
12,37,312,1.000351305047559,1.0053163823628728
13,37,312,0.9990665766453684,1.0023349917948068
14,37,312,0.9987941231226184,1.0023571618236744
15,37,312,1.0010443901168564,1.003143211292328
16,37,312,0.9990570064202784,1.001963426589767
17,37,312,0.998766749624222,0.9996511044241472
18,37,312,0.9997802218898632,1.00223961014715
19,37,312,1.0005619084430402,1.00308117826707
20,37,312,1.000635352314047,1.0020914259018805
21,37,312,0.9996854941557102,1.0035366484738588
22,37,312,0.9986714756296964,1.0066906665971245
23,37,312,0.9669632465608268,1.004792677500551
24,37,312,0.9825186244883616,1.006239632027112
25,37,312,1.0124075657629197,1.0228525136764592
26,37,312,1.0002270909922353,1.0170360784497998
27,37,312,1.0046050548549987,1.0095336462777391
28,37,312,0.9990896997587936,1.0071020559475026
29,37,312,1.003142452276045,1.0100206667249376
30,37,312,1.002306895312277,1.01700343755731
31,37,312,0.9702114499149582,1.013588017306528
32,37,312,0.9921230191872932,0.9974515738479188
33,37,312,0.9979095189074516,1.0021083246331797
34,37,312,0.999160165077093,1.00336685953573
35,37,312,0.9967492394658474,1.0000369672600633
0,38,313,0.9960716977342932,0.9990514249719976
1,38,313,0.9990175536327522,1.0035876807098616
2,38,313,1.0036748878376922,1.0067123856326292
3,38,313,0.9987482320727672,1.0048480374343314
4,38,313,0.9953453208575008,0.999948317193911
5,38,313,0.99309726341704,1.002609591630842
6,38,313,1.0047291807404737,1.008243840289372
7,38,313,0.996431780353892,1.0044814629865704
8,38,313,0.9993804106698736,1.0023846517073742
9,38,313,0.9980189407727196,1.0012302736334469
10,38,313,0.9971773711714464,1.0022358379107823
11,38,313,0.997687121050028,1.0009374005116134
12,38,313,0.9946558754628372,1.0009207465349106
13,38,313,0.996379485021778,1.0004874670499209
14,38,313,0.9974504926914354,1.0163373323795364
15,38,313,1.010028015648083,1.0157626898780137
16,38,313,1.0015339959770528,1.0131210330745284
17,38,313,1.0010388868329865,1.0056307645611218
18,38,313,0.9989773454200174,1.000207484540134
19,38,313,0.9997112132356945,1.0025189953153688
20,38,313,1.000445483471667,1.0021871568456413
21,38,313,0.9968424406343872,1.0043658114744936
22,38,313,1.00100918301732,1.0103585233895744
23,38,313,1.0031858354988563,1.0182545177368474
24,38,313,1.0021072822243806,1.0174170425595237
25,38,313,1.008305240385413,1.0201679844126312
26,38,313,0.9996798830324026,1.0107612174803988
27,38,313,1.007672231095728,1.0085426470066146
28,38,313,0.9906170116382176,1.008409917493542
29,38,313,0.9669377905858612,0.9896188905173066
30,38,313,0.9868227842856936,1.0083066519258903
31,38,313,1.0001132593490647,1.0264653163549369
32,38,313,1.0015300001658256,1.0106116704820391
33,38,313,0.9984550396823648,1.0028629803363094
34,38,313,0.9999358718214229,1.0062074624814408
35,38,313,0.9962841158141532,1.0010935277132422
0,39,314,0.9879675824695502,0.9995241258649128
1,39,314,0.9964780191209698,0.998820479448049
2,39,314,0.9982567302481836,1.0119100123539773
3,39,314,1.0056290475604122,1.0085918557320457
4,39,314,0.9987232921026772,1.0067336991639
5,39,314,0.9955585411664896,1.0026623211147063
6,39,314,1.00272191138699,1.014357248220126
7,39,314,1.0102222956772915,1.01263756322066
8,39,314,1.000955609589852,1.0069214228415926
9,39,314,1.004516001309378,1.044073231494292
10,39,314,1.00745340919768,1.0076698712211496
11,39,314,1.0007454569431262,1.003468334622436
12,39,314,1.0007453786923537,1.002455981543903
13,39,314,0.99971494379158,1.0074656602314738
14,39,314,1.0047720302186167,1.0110039681787462
15,39,314,1.0024133728006792,1.0159493041266523
16,39,314,1.0113201389171949,1.0204647811086471
17,39,314,1.0024864102251922,1.0060045507169904
18,39,314,1.0002318972519868,1.003868521919746
19,39,314,1.0007244418204788,1.002459247811342
20,39,314,1.0011525384659714,1.0011525384659714
21,39,314,0.9982098148148149,1.0037391022339228
22,39,314,1.0024186260086558,1.0029326174154671
23,39,314,1.0001467586902355,1.002673079451848
24,39,314,1.001446412680684,1.0069832910350018
25,39,314,1.0031418440902344,1.0098066973135966
26,39,314,0.9830407207477906,1.0124278722177358
27,39,314,0.9837713541056106,1.0022852649418186
28,39,314,0.98556237028509,1.0207196112676162
29,39,314,1.000250054823162,1.0047714366176803
30,39,314,0.990782692531096,1.0009752461124186
31,39,314,0.9973817788146916,1.0093763655063128
32,39,314,1.0018583996360375,1.0085839593725174
33,39,314,0.9968716801948192,1.0133307082174527
34,39,314,0.9957489310356056,1.0114224006641803
35,39,314,0.9874119284907164,1.002080029048242
0,40,315,0.9304148467564802,1.065809924222393
1,40,315,0.9882563716895773,1.1971066822094538
2,40,315,0.9410875762593968,1.1557631014781722
3,40,315,0.8752924183618765,1.0642633203258314
4,40,315,0.8464208401884163,0.9750763804707208
5,40,315,0.9039886007615362,0.9822391536941616
6,40,315,0.953825335187324,1.049100827237054
7,40,315,0.9545186632966272,1.027267712355138
8,40,315,0.9755682015909284,1.0508120780685417
9,40,315,0.9906445444410558,1.0789522365400972
10,40,315,0.9640574232384972,1.065439410108833
11,40,315,0.92992235182436,1.0113292812957722
12,40,315,1.0048996517483084,1.0853940119512564
13,40,315,0.9548218647474784,1.0401145041822837
14,40,315,0.9612461506559646,1.0305758219713248
15,40,315,0.9523421409166942,1.0091934407128025
16,40,315,0.979288872119958,1.0517421830124165
17,40,315,0.9676805958164404,1.0508635841554217
18,40,315,0.9403695905193472,1.0308185720595584
19,40,315,0.974688801300093,1.076846798307484
20,40,315,0.9149156559068732,1.0093267351074868
21,40,315,0.97389624803391,1.045364927589142
22,40,315,0.9954015923918944,1.0750513669756836
23,40,315,0.9973968520553206,1.0735717429864948
24,40,315,1.0230784492778695,1.2586159604614386
25,40,315,1.001159132796966,1.2101814675161575
26,40,315,0.9086903657414156,1.1907557633412744
27,40,315,0.7817904027060764,0.8929490188141204
28,40,315,0.8929970220254982,1.01484787226948
29,40,315,0.9781792913037471,1.0277497659895412
30,40,315,0.977249408841559,1.05901884212761
31,40,315,0.9680491535824016,1.0583966028135492
32,40,315,0.9192839123536009,0.9943027744281276
33,40,315,0.9569864575071656,1.045191775160616
34,40,315,0.9819048651569096,1.0495157690300694
35,40,315,0.9820476357475316,1.1201295105222413
0,41,316,1.0610297768448034,1.19089548660508
1,41,316,0.9783689122144136,1.0982569736404977
2,41,316,0.9314979496738166,1.0983544353195176
3,41,316,0.8970235321020894,1.0387680192265494
4,41,316,0.8613151989148166,1.0104483465854168
5,41,316,0.8802477131289598,1.0194453566323436
6,41,316,0.9569011108272164,1.083387649345784
7,41,316,0.9280146511029056,1.028740231125992
8,41,316,0.926639587228064,1.0198288812218488
9,41,316,0.949507462270021,1.0137035483890526
10,41,316,0.9825517468950712,1.0760074674545332
11,41,316,0.918965607412019,1.011305458123562
12,41,316,0.9479410895026936,1.0277067601137333
13,41,316,0.930461244826146,1.075358240924864
14,41,316,0.9210237186691004,1.0284868481193274
15,41,316,0.9458151693327398,1.0158762658869505
16,41,316,0.9533255664148316,1.0603867017413495
17,41,316,0.9520580999202184,1.0490501616603285
18,41,316,0.9388275688542056,1.0233126804880452
19,41,316,1.0029982499297214,1.10391651003763
20,41,316,0.9469059620461148,1.0812674983310215
21,41,316,1.0166793213189866,1.2542412107319694
22,41,316,1.00254422042625,1.1008529504963862
23,41,316,0.9975850873661708,1.1987621919378346
24,41,316,1.0570980589476855,1.276289496936773
25,41,316,1.013325940830069,1.1651453124118094
26,41,316,0.9439974682392274,1.1628902650495696
27,41,316,0.8517895592833624,0.9885488105707988
28,41,316,0.8662310831793416,1.0278504923891567
29,41,316,1.0037984988158877,1.0675205476142724
30,41,316,0.903963999469541,1.0226075055567023
31,41,316,0.876164033269292,0.9690068134695484
32,41,316,0.8723716462259525,0.9801174484357316
33,41,316,0.9032921405403692,0.9476444472733871
34,41,316,0.9647169692842358,1.0953890783944524
35,41,316,1.0358610567732642,1.3342732175271923
0,42,317,0.9714588165547556,1.0409501571334003
1,42,317,0.9844168745267252,1.1235812279648234
2,42,317,0.9525837071730612,1.1051117560943065
3,42,317,0.8789632663513967,1.0544352232104883
4,42,317,0.9015681453893056,0.984558893011704
5,42,317,0.9199336163740444,0.9415776481260862
6,42,317,1.0065941016394115,1.080251181261252
7,42,317,0.9710078231293484,1.0397492096421252
8,42,317,0.9278289110327976,1.0288374795159183
9,42,317,0.955008338256821,1.0186937667655438
10,42,317,0.9599999143241827,1.0370567684507812
11,42,317,0.9476930408441612,1.0318002986606276
12,42,317,1.0120080291098288,1.1201001820706096
13,42,317,0.9924511207089534,1.0830405583991465
14,42,317,0.9643710312525394,1.0043665431541429
15,42,317,0.9494443170065724,1.0192991133228329
16,42,317,0.9500021657622384,1.0102483629870431
17,42,317,0.918184351430682,0.9970984035853632
18,42,317,0.9435581910582652,1.0029794565345422
19,42,317,0.9614775610535484,1.035087562279794
20,42,317,0.9430477436622122,1.0155194773881988
21,42,317,0.9931922817749588,1.1038143995210223
22,42,317,1.0124843862659103,1.0674509393016451
23,42,317,1.0105280750774943,1.1153843639362189
24,42,317,1.0297768232883195,1.163381360194331
25,42,317,0.970401955833804,1.1143186917618972
26,42,317,0.9721253491598044,1.105308374353682
27,42,317,0.9057082130495192,0.999439455176408
28,42,317,0.9430543616499272,0.9926895213405116
29,42,317,0.9706656226171212,1.0378585928535708
30,42,317,0.9407343610043694,1.0288094729611694
31,42,317,0.9534827608711204,1.0153653180122058
32,42,317,0.9701414263503126,1.0312333838837606
33,42,317,0.9685639490742476,1.033814603928513
34,42,317,0.9758221892648794,1.0599711762515638
35,42,317,1.0087147647866586,1.1494281568199924
0,43,411,0.9888838135292928,1.0497596185838107
1,43,411,1.0145201068131888,1.1167498545411028
2,43,411,0.97241023178769,1.0432398911843128
3,43,411,0.946432739373968,1.0252334788827933
4,43,411,0.920725941927326,0.9810319573446868
5,43,411,0.955433889788364,1.0091987899260706
6,43,411,0.9664251245675642,1.027184581791868
7,43,411,0.9738707834054172,1.0177878749281437
8,43,411,0.9706330707234586,1.0117862494762528
9,43,411,0.9980237763079116,1.0510346169254368
10,43,411,0.9807063557598324,1.0381907576345513
11,43,411,0.9937484541904396,1.0467162198486215
12,43,411,1.00280513303335,1.067800256773997
13,43,411,0.9943637354765904,1.0616222264814328
14,43,411,0.9879490542597033,1.048603803579598
15,43,411,1.0154880363497671,1.0459273013878423
16,43,411,1.0063848366241988,1.112296850041703
17,43,411,0.991389445562296,1.0504857679083184
18,43,411,1.0037450336737817,1.0363189543405291
19,43,411,0.9459070137266912,1.040954476728253
20,43,411,0.8742304697817809,0.9838416533817608
21,43,411,0.8946608458333611,0.9781717241377464
22,43,411,1.0045964760972883,1.108080958666516
23,43,411,0.9283100802969668,1.107196715319472
24,43,411,0.9857841498611224,1.1352925581385451
25,43,411,0.8913554712588979,1.0921363683746514
26,43,411,0.9192447308872524,1.0675429101698466
27,43,411,0.8627981422874987,0.980645884569237
28,43,411,0.8815217825981324,1.1606974070098903
29,43,411,0.9498415680719188,1.0535649990476266
30,43,411,0.9444354260868852,0.985344584599555
31,43,411,0.9651871978863984,1.066916001045519
32,43,411,1.0036475681761925,1.1087997779061631
33,43,411,1.0022147592010364,1.0857128830199934
34,43,411,1.0158859728638865,1.0560301915123504
35,43,411,0.9893073625653224,1.0406214190561232
0,44,412,0.9948844878108662,1.049052049147163
1,44,412,1.0087760382950428,1.076465814467586
2,44,412,1.0008297446292909,1.0560613502736007
3,44,412,0.9860630464563958,1.0399596383336804
4,44,412,0.947221888376988,0.9891348882285208
5,44,412,0.9857652411160984,1.0030795112254771
6,44,412,0.9924775342457745,1.0322907538735626
7,44,412,1.0023772346109103,1.0245768725940625
8,44,412,0.9882941617724108,1.0088314427488898
9,44,412,0.9829612020039932,1.007841857036437
10,44,412,0.9880760507099392,1.0236034570889725
11,44,412,0.9944897258422234,1.025713808684686
12,44,412,0.9946899299274982,1.03308122713286
13,44,412,1.007935716033428,1.0274330258054984
14,44,412,1.0157071802009348,1.0599757147403468
15,44,412,1.0098229961666283,1.035293651399673
16,44,412,1.0037613148998454,1.0876985093351006
17,44,412,1.0007224159476815,1.035178336723508
18,44,412,1.0078705864987252,1.0355385577228835
19,44,412,0.9995315918379478,1.035585535999746
20,44,412,1.0155448044202835,1.047840375101307
21,44,412,0.9283506598192058,1.0184908370037784
22,44,412,0.813032725049628,0.9103522558408802
23,44,412,0.794898010477248,0.9719880318796492
24,44,412,0.9219837163425996,1.0583291267238806
25,44,412,0.9418881706606664,1.0686571123191282
26,44,412,0.9433675712149094,1.0779281952642057
27,44,412,0.9139177006818282,0.9975106923249604
28,44,412,0.9192518319236432,0.9967267130511304
29,44,412,0.9680324984730634,1.0172756704075043
30,44,412,0.995713035724965,1.0700746547039024
31,44,412,1.027793736354221,1.1208779744738673
32,44,412,1.0261966361560837,1.073951098125103
33,44,412,0.9872110496220574,1.030569067976699
34,44,412,1.0105556097961956,1.0304489202777345
35,44,412,0.9971059378902012,1.0257191491370143
0,46,414,0.948500672639974,0.9786277669247928
1,46,414,0.9896584032540136,1.011536926516751
2,46,414,1.0067777306957864,1.0435546049383733
3,46,414,0.9994103314455778,1.050264051248059
4,46,414,1.001613110817242,1.0384089610653633
5,46,414,0.9898570699570908,1.0067752699812849
6,46,414,0.9700666355214134,0.9883464635571456
7,46,414,0.9582828440878732,1.005479487246011
8,46,414,0.9591346393780364,0.9898277047057166
9,46,414,0.999454104083426,1.0196344020415435
10,46,414,0.9663905948245032,1.0131668838087426
11,46,414,0.92808404943944,0.9834816064538288
12,46,414,0.9664365052729794,0.9831042580118224
13,46,414,0.953321893385723,0.996151534074642
14,46,414,0.9551265339832116,0.9815396852850192
15,46,414,0.9852959932018276,0.9979954942684892
16,46,414,0.9964879111351408,1.0248800293532607
17,46,414,1.47251262418009,1.623711389674995
18,46,414,1.5047777714438335,1.5674260785457013
19,46,414,1.017295989336037,1.1194881114219124
20,46,414,0.8943081930239388,1.0397461749402253
21,46,414,0.9624058375414488,1.0200181430968878
22,46,414,1.0133559328803954,1.140835538927755
23,46,414,1.018026380981116,1.080266499571081
24,46,414,0.9244138745300812,1.0097801333144838
25,46,414,0.8872176603191461,0.9821711024003512
26,46,414,0.8608004638133661,0.916122772513126
27,46,414,0.9162955601621546,0.9778976962267004
28,46,414,0.8945404601998502,0.9879267401431662
29,46,414,0.9122090535839976,0.9993541298868654
30,46,414,1.135815495592997,1.4245673993336296
31,46,414,1.1146313939277115,1.1450033602878429
32,46,414,1.025438663761703,1.124555935584264
33,46,414,1.0888644308825686,1.1166252344207397
34,46,414,0.9493466679480288,1.000572750884504
35,46,414,0.7687622895720603,0.8459748332579048
0,47,415,0.9925442680544654,1.1074970462728466
1,47,415,0.999005731417974,1.0643417425199766
2,47,415,0.9759485104789468,1.0823251125042512
3,47,415,0.9764271172404936,1.0632689187545907
4,47,415,1.2656356325620186,1.8238481171476015
5,47,415,1.1915128132196078,1.5782919755261702
6,47,415,0.9866965795687028,1.0799215774301405
7,47,415,0.9206093378751126,1.054654650070727
8,47,415,0.9845518461357632,1.0420143520117289
9,47,415,0.96799312012538,0.9794629257758952
10,47,415,0.0,0.0
11,47,415,0.0,0.0
12,47,415,0.0,0.0
13,47,415,0.0,0.0
14,47,415,0.0,0.0
15,47,415,0.0,0.0
16,47,415,1.3107871720116622,1.3131195335276968
17,47,415,0.9706666666666668,1.001777777777778
18,47,415,1.139535370748867,1.1514653572575853
19,47,415,0.9793288731317522,1.0113603509728843
20,47,415,0.9793071215705896,1.0361733349347757
21,47,415,1.0458368569430552,1.1509112159631985
22,47,415,1.0548061336794226,1.0950416587039564
23,47,415,0.9890023566378634,1.0097461835754713
24,47,415,0.9773576608300224,1.002217029256626
25,47,415,0.9673454272398444,0.9787129619349948
26,47,415,1.486707338006157,1.5407871410639824
27,47,415,0.7399828132714964,0.9637491774231958
28,47,415,0.6165550517180298,0.728107273992605
29,47,415,0.7687183276814307,0.966105648541298
30,47,415,0.7971533277109814,0.8643963766498594
31,47,415,0.9181268295475156,1.0050590863411422
32,47,415,0.961620136140187,1.0145068376817032
33,47,415,0.957295374950045,0.9969977136168334
34,47,415,0.9479750720940596,1.035328267092111
35,47,415,1.0237408978793874,1.1586345368209072
0,48,416,0.9897671703827304,1.0212513632443956
1,48,416,0.9820776647876626,1.0285932381600005
2,48,416,0.9828257075527964,1.0437551259716062
3,48,416,0.999367657302306,1.0428007757687348
4,48,416,1.0157038295185898,1.0615088938442394
5,48,416,0.9964322254502364,1.0404107059702958
6,48,416,1.012884220812643,1.0770322418444764
7,48,416,1.0060613617432137,1.0237458128346966
8,48,416,0.0,0.0
9,48,416,0.0,0.0
10,48,416,0.0,0.0
11,48,416,0.0,0.0
12,48,416,0.0,0.0
13,48,416,0.0,0.0
14,48,416,0.0,0.0
15,48,416,0.0,0.0
16,48,416,0.0,0.0
17,48,416,0.0,0.0
18,48,416,0.0,0.0
19,48,416,0.0,0.0
20,48,416,0.0,0.0
21,48,416,0.0,0.0
22,48,416,0.0,0.0
23,48,416,0.0,0.0
24,48,416,0.0,0.0
25,48,416,0.0,0.0
26,48,416,0.0,0.0
27,48,416,1.089448470059253,1.1378714803758494
28,48,416,0.8067087194908336,0.8923298170712132
29,48,416,0.890116573356369,0.9811565262447308
30,48,416,0.94450679179062,0.9924797000601888
31,48,416,0.9966605179450811,1.136173720367767
32,48,416,1.0554857458383335,1.1685677013333733
33,48,416,0.9991361922808344,1.051240355110887
34,48,416,0.9771912506445684,1.0273172435438898
35,48,416,1.0076617003478576,1.0614629322901483
0,49,418,0.9904815516636436,1.018218799904327
1,49,418,1.0181073990687424,1.037666657593736
2,49,418,1.0071574503539935,1.0527988141277438
3,49,418,1.0168309802370274,1.077270553204214
4,49,418,1.0191009683079446,1.047876567154307
5,49,418,1.0189726255452771,1.044544875459345
6,49,418,1.0108890299199114,1.0568729818928018
7,49,418,1.0212567140191169,1.045857862524651
8,49,418,1.0090047507798685,1.0292545557855697
9,49,418,0.9990100704738062,1.0285444678190776
10,49,418,1.0113424622927865,1.044190085477635
11,49,418,1.003021379626466,1.0223274741226207
12,49,418,0.9869167156828637,1.001040443800567
13,49,418,0.9747826663740526,1.0035155470832144
14,49,418,0.9505874678081772,0.9951646191854912
15,49,418,0.9561029767445146,0.9740178015966304
16,49,418,0.9886339660578812,0.9995906849027736
17,49,418,0.9620273845999456,1.001433265660516
18,49,418,0.9515654174344916,0.970232291713172
19,49,418,0.9521066282446524,0.9836702594997068
20,49,418,0.959282814684104,0.990220323891576
21,49,418,0.9657923596285556,0.982156811231747
22,49,418,0.980627831895862,1.012489244377277
23,49,418,1.015298857270936,1.0912682129532916
24,49,418,1.0451269966353796,1.0973548165159344
25,49,418,1.0277434092633695,1.0600622143405884
26,49,418,0.997355021989078,1.0084954633188925
27,49,418,0.9994876333124292,1.0112851688599656
28,49,418,0.9921938326128292,1.0034578865413863
29,49,418,0.958709128309087,0.9969836887171576
30,49,418,0.9461004798872832,0.9766005608723908
31,49,418,0.9650245288589095,0.985091060878688
32,49,418,0.9556018503990704,0.9854416523914804
33,49,418,0.952363039241959,0.98049067648621
34,49,418,0.9346970118118176,0.9947410575370568
35,49,418,0.9665435231106222,0.9807913675849674
0,50,419,0.9899623504007558,1.0171226300266043
1,50,419,0.9949198112524112,1.013520231850981
2,50,419,0.9926301920872618,1.0079352234163712
3,50,419,1.011880219222151,1.0366775399854349
4,50,419,0.987289911685034,1.0094998051070885
5,50,419,0.9774171942089904,0.9999199170642844
6,50,419,0.976380812834056,1.0024360811728703
7,50,419,0.9865131263547824,1.021498003347932
8,50,419,0.985236315056997,1.0231302460977538
9,50,419,0.9959397205939088,1.0370765227872696
10,50,419,0.9984668786352088,1.0136037396694677
11,50,419,0.9675445728635422,1.0593991711556945
12,50,419,1.046246619631447,1.0556861789505725
13,50,419,1.0009838590533622,1.0232154080251368
14,50,419,1.0946310934037111,1.107222118512207
15,50,419,0.9935997245835207,0.9975139235845226
16,50,419,0.996459962187363,1.0017844148837245
17,50,419,0.9921084102948404,0.9989273990818442
18,50,419,0.9949358462126244,0.9991843682424394
19,50,419,0.99391198452417,1.0027316113717284
20,50,419,0.9940937756499192,1.0060895276714132
21,50,419,0.9881521695279556,1.0021918324219514
22,50,419,0.9875848207903564,1.0057825744368167
23,50,419,0.99797150097048,1.015678235399511
24,50,419,1.006708039647732,1.0281148949717196
25,50,419,1.0074257930293502,1.008600915682777
26,50,419,0.9844925138509945,0.9998900983414258
27,50,419,1.0008341234040896,1.004184829168057
28,50,419,1.0003617761998838,1.000951897417424
29,50,419,0.9980285168480756,1.0059874630014656
30,50,419,0.99194078115852,1.0021508170708404
31,50,419,0.9917939210434352,1.0012259612947694
32,50,419,0.9722634637576414,0.9865421442544682
33,50,419,0.9747097976728756,0.9828757166159846
34,50,419,0.9931676804716624,1.0088475648123656
35,50,419,0.970607485043425,0.9974455326680876
0,51,420,1.0069933207954092,1.0173886799572236
1,51,420,1.011819677643017,1.0382317026853516
2,51,420,0.992159560733845,1.0171598345277972
3,51,420,0.97868531255059,0.998040075474241
4,51,420,0.9797722217624178,1.018878704998197
5,51,420,0.990632498385216,1.0065172449995747
6,51,420,1.0049600077959095,1.0585350126474296
7,51,420,1.0133395226712054,1.0518825693872795
8,51,420,1.012108673317341,1.050700516541662
9,51,420,1.015330156510138,1.033356039155002
10,51,420,1.0058459534305737,1.0212583106583473
11,51,420,1.0058300246952865,1.0359784831656058
12,51,420,1.007581295391949,1.0173525757990067
13,51,420,1.0010845043095873,1.0201834949721107
14,51,420,0.999825197968045,1.0058716608447822
15,51,420,0.9974316119149158,1.013302997060762
16,51,420,1.001940517000064,1.0073800229816614
17,51,420,0.977265716487862,1.002708841554362
18,51,420,0.9697460197803714,1.0048753126041954
19,51,420,0.9645211136021458,0.9968700079771808
20,51,420,0.9660567601285838,0.9949119884077372
21,51,420,0.969313721585782,0.9953634901050848
22,51,420,1.0008460724861667,1.0481231837082832
23,51,420,1.0248290999882377,1.097878423622746
24,51,420,1.0385406868573648,1.075695546005344
25,51,420,1.0164005581227975,1.0439724460889452
26,51,420,1.0010366225711562,1.0208472785635327
27,51,420,0.997595785397948,1.006666347463766
28,51,420,0.9896986448902284,1.0144385935052376
29,51,420,0.9485945093997952,0.998748317792661
30,51,420,0.9206651279359797,0.975010439450461
31,51,420,0.9426474144602108,0.9807787984523956
32,51,420,0.9160621279846196,0.9777111954222732
33,51,420,0.9312045018620204,0.9741328716010272
34,51,420,0.9447649131078246,1.0075932875515117
35,51,420,0.9567985995626422,1.002741001754638
0,52,421,1.0105778008509887,1.0420731674690236
1,52,421,1.0141418582624169,1.026112631625193
2,52,421,1.0017500008325282,1.0227575717496311
3,52,421,0.9493721532716568,0.9570245882014145
4,52,421,0.990693989443512,1.0624600762687215
5,52,421,1.037373218667583,1.0484489266238268
6,52,421,0.8876869592161581,0.9811126133784096
7,52,421,0.9525621948146982,0.9654087188713852
8,52,421,0.9579669687059772,1.061390682023779
9,52,421,0.9926371459626115,1.0107176377377007
10,52,421,0.9569192544060148,0.9951234692432096
11,52,421,0.9670516389868804,0.9969424086233044
12,52,421,0.9900669991678543,1.010672731194014
13,52,421,0.9909896749512942,1.0122705922459676
14,52,421,0.9797294265469306,1.0049049507081556
15,52,421,0.9857123636418028,0.997384868229666
16,52,421,0.9240338569102692,0.9916354528909612
17,52,421,0.9397229339745624,0.9722468722689884
18,52,421,0.955909588083064,0.9909745820269524
19,52,421,0.9806430753805452,1.036926190431232
20,52,421,0.9864043413293628,1.0191056233973463
21,52,421,0.9898032366549648,1.0087296452159056
22,52,421,0.9765994012625824,1.0113592244913203
23,52,421,0.9763291549679576,1.0425038520958023
24,52,421,1.0322131973398898,1.0676656871794217
25,52,421,1.0038781732897115,1.0148736951952266
26,52,421,0.9904323909739464,1.008646452873969
27,52,421,0.9966305333172712,1.0052022630530515
28,52,421,1.0186448741513192,1.13762931889724
29,52,421,1.0235226796779398,1.117827605098929
30,52,421,0.9982587623668872,1.0135648285792114
31,52,421,0.980267961173416,0.9882438139211268
32,52,421,0.980713704788462,1.03155038039145
33,52,421,0.9920208671105092,1.0017884062423037
34,52,421,0.9807665130269566,1.0075138717708063
35,52,421,1.0189437897752966,1.1429283406219155
0,54,424,0.9910337175287216,1.016583991102346
1,54,424,0.9906474338013082,1.0494351291545223
2,54,424,1.0179983730611155,1.0461405086224316
3,54,424,1.002507474519117,1.0202487558607511
4,54,424,0.9916549519114544,1.0146929500144004
5,54,424,0.9772218247532134,0.9954618348139485
6,54,424,0.9578410580174982,0.9845391193364806
7,54,424,0.9754204656883648,0.9878034875933098
8,54,424,0.9442804904589528,0.9930279703226832
9,54,424,0.9391035259731778,0.976248105286582
10,54,424,0.9227993960650844,0.9805977460506488
11,54,424,0.9428326399336776,0.9806994650914138
12,54,424,0.9971428105533764,1.033896234687793
13,54,424,1.0318545607323173,1.1111433677906593
14,54,424,1.0554734506816124,1.1371008271370429
15,54,424,1.052414333187639,1.133240030668663
16,54,424,1.0471303003017411,1.1750119360478786
17,54,424,1.0599468787057738,1.1351288823579868
18,54,424,1.0165999737343137,1.051764822586373
19,54,424,0.8901794081237769,0.98689385759059
20,54,424,0.8817989053986319,0.9398052938324
21,54,424,0.8903147618941333,0.9601810289843452
22,54,424,0.9451281307936767,0.9566432473079424
23,54,424,0.9433238132242088,1.0000581559678705
24,54,424,0.9547835526184127,0.997865476599586
25,54,424,1.0028228573993183,1.0818522648249338
26,54,424,1.0190038628506517,1.0538052483739035
27,54,424,1.009288661619086,1.0469986081318898
28,54,424,1.0180207634450216,1.1236746197053833
29,54,424,1.0109768462321274,1.051072277966005
30,54,424,0.9405092807895152,0.989297557372789
31,54,424,0.963259895205724,1.004721469089226
32,54,424,0.9436056375239108,0.982812900007617
33,54,424,0.9630629387102996,0.9806407670480906
34,54,424,0.9556542137849782,1.0111009849849764
35,54,424,0.967985943817614,0.9982653633741844
0,56,428,1.000973708701384,1.0389941424676128
1,56,428,1.0086854299098915,1.0245211831971834
2,56,428,0.9652087174698752,0.989214215421225
3,56,428,0.9796171375662714,0.9870151237101098
4,56,428,0.963347970187224,0.9990094308530036
5,56,428,0.9284939811698416,0.9702201837375312
6,56,428,0.9325318912620482,0.9801137962117874
7,56,428,0.9491293848335008,0.9713931992286636
8,56,428,0.953801042271278,0.9931126089617912
9,56,428,0.9726577783196334,0.998637302096546
10,56,428,0.9788144505319164,1.0098469467579263
11,56,428,0.9728249210358634,0.9999780447981044
12,56,428,1.0003483137197369,1.016528226160301
13,56,428,0.9999311976462054,1.0449777217159435
14,56,428,1.0033264466152032,1.042828177598326
15,56,428,0.9852374070492144,1.0175210477463354
16,56,428,1.0042232117615069,1.04641969378614
17,56,428,1.0341401570489106,1.0561755044532628
18,56,428,1.00383279311866,1.0219326223369474
19,56,428,1.0068168564427435,1.022781290554867
20,56,428,1.004853889251332,1.1740377489299365
21,56,428,1.095853789521844,1.1278071283766198
22,56,428,0.9685173558166652,0.9803569826890304
23,56,428,1.177470767168474,1.202384396752134
24,56,428,1.045966344551764,1.1414521047426895
25,56,428,1.0691922754950751,1.09909298769178
26,56,428,1.0418089320698471,1.073641877648832
27,56,428,0.9696011650265572,0.9933302946952676
28,56,428,0.9459114749903657,0.9996848611330656
29,56,428,0.9654220778561012,1.0008517548423392
30,56,428,0.9870854130358704,1.0097444986884334
31,56,428,0.9679646166327904,0.99544560015333
32,56,428,0.913022785127838,0.9773831188536292
33,56,428,0.9560000569680348,0.9740131647262372
34,56,428,0.997325590006476,1.0259983730016984
35,56,428,0.9972986163048896,1.0329871819587009
0,14,222,0.0,0.0
1,14,222,0.0,0.0
2,14,222,0.0,0.0
3,14,222,0.0,0.0
4,14,222,0.0,0.0
5,14,222,0.8091053885606819,0.8091053885606819
6,14,222,1.595476921140777,1.70377766268466
7,14,222,1.656744100641344,1.9258202600130536
8,14,222,1.0072132130488194,1.1556611250235131
9,14,222,0.8843195936497262,1.011205531882441
10,14,222,0.8815171504938665,0.9684912149513892
11,14,222,0.7443237954391254,0.9357468920788596
12,14,222,0.8365120677683011,0.960806285024243
13,14,222,0.7728930354489624,0.9288753182831992
14,14,222,0.9149743149575243,1.077930194234362
15,14,222,0.972140544270089,1.12324187038799
16,14,222,0.9230344704062836,1.1179318812853172
17,14,222,0.6816032241356127,0.9193356177234888
18,14,222,0.7641593544782669,0.8748931554083154
19,14,222,0.9413146119873722,1.1137145378887985
20,14,222,1.058334658381803,1.327266285161701
21,14,222,1.122585365370594,1.2525857151796034
22,14,222,1.0583804688702192,1.267053419960455
23,14,222,0.9430625571515784,1.1252661800180122
24,14,222,0.8830237782179978,0.9714810496412888
25,14,222,0.6516608391608392,0.8780594405594406
26,14,222,0.0,0.0
27,14,222,0.0,0.0
28,14,222,0.0,0.0
29,14,222,0.0,0.0
30,14,222,0.0,0.0
31,14,222,0.0,0.0
32,14,222,0.0,0.0
33,14,222,0.0,0.0
34,14,222,0.0,0.0
35,14,222,0.0,0.0
0,55,425,0.0,0.0
1,55,425,0.0,0.0
2,55,425,0.0,0.0
3,55,425,0.6413979290750876,0.6610609591931966
4,55,425,1.0314109454390392,1.1946369420388807
5,55,425,1.0694019647108304,1.0985983092707523
6,55,425,0.9917904382010148,1.0045804043288302
7,55,425,0.9975087194818136,0.9975087194818136
8,55,425,0.0,0.0
9,55,425,0.0,0.0
10,55,425,0.0,0.0
11,55,425,0.0,0.0
12,55,425,0.0,0.0
13,55,425,1.449177252092237,1.466077018992004
14,55,425,1.297652931421577,1.4091495807789969
15,55,425,0.9295377133972574,0.9947881444357856
16,55,425,0.9051907653327071,1.0206944483858928
17,55,425,0.8745866031762355,0.9521471229810708
18,55,425,0.9135843934152176,0.953923816828679
19,55,425,0.8625533211361401,0.9769986814896092
20,55,425,0.9068235657703432,0.956558616114918
21,55,425,0.983147024950902,1.051509996614308
22,55,425,1.0252868516727474,1.1234820584448528
23,55,425,1.062274347600355,1.106689283089465
24,55,425,0.963835319308686,1.1370809638353192
25,55,425,1.0534920917007289,1.0900124400213256
26,55,425,0.9942555243406432,0.9942555243406432
27,55,425,0.0,0.0
28,55,425,0.0,0.0
29,55,425,0.0,0.0
30,55,425,0.0,0.0
31,55,425,0.0,0.0
32,55,425,0.0,0.0
33,55,425,0.0,0.0
34,55,425,1.4689542483660132,1.4836601307189543
35,55,425,0.9572584336015354,0.9723171181811472
0,45,413,0.0,0.0
1,45,413,0.0,0.0
2,45,413,0.0,0.0
3,45,413,0.0,0.0
4,45,413,0.0,0.0
5,45,413,0.0,0.0
6,45,413,0.0,0.0
7,45,413,0.0,0.0
8,45,413,0.0,0.0
9,45,413,0.0,0.0
10,45,413,0.0,0.0
11,45,413,0.0,0.0
12,45,413,0.0,0.0
13,45,413,0.0,0.0
14,45,413,0.0,0.0
15,45,413,0.0,0.0
16,45,413,0.0,0.0
17,45,413,0.8398658331102468,1.1063414326882195
18,45,413,1.354341248532821,1.4051763387752512
19,45,413,0.912215937351835,1.038915278871213
20,45,413,0.8987014316882486,1.0259444155934732
21,45,413,0.915544347670018,1.0355809582405868
22,45,413,1.0117606840640156,1.1024849074447267
23,45,413,0.9282551084262096,1.0267049881441828
24,45,413,0.9954247397512748,1.0263966923818786
25,45,413,0.963061336972783,0.963061336972783
26,45,413,0.0,0.0
27,45,413,0.0,0.0
28,45,413,0.0,0.0
29,45,413,0.0,0.0
30,45,413,0.0,0.0
31,45,413,0.0,0.0
32,45,413,0.0,0.0
33,45,413,0.0,0.0
34,45,413,0.0,0.0
35,45,413,0.0,0.0
0,35,279,0.0,0.0
1,35,279,0.0,0.0
2,35,279,0.0,0.0
3,35,279,0.0,0.0
4,35,279,0.0,0.0
5,35,279,0.0,0.0
6,35,279,0.0,0.0
7,35,279,0.0,0.0
8,35,279,0.0,0.0
9,35,279,0.0,0.0
10,35,279,0.0,0.0
11,35,279,0.0,0.0
12,35,279,0.0,0.0
13,35,279,0.0,0.0
14,35,279,0.0,0.0
15,35,279,0.0,0.0
16,35,279,0.7922532912631922,0.9335219236209334
17,35,279,0.9756205477633731,1.0770541126498827
18,35,279,0.9453068758652516,1.002676511305953
19,35,279,0.9457797230502208,1.299475531071954
20,35,279,1.2722183223704169,1.9017410671727808
21,35,279,1.095064569748114,1.6155223117248432
22,35,279,0.9512639029322548,1.079716885743175
23,35,279,1.0436800610376398,1.1279247202441505
24,35,279,0.8540616791516684,0.9707169958167136
25,35,279,0.8129918352707863,0.9579316019325302
26,35,279,0.9552768051061566,1.2783121315544523
27,35,279,0.6784184514003295,0.857001647446458
28,35,279,0.8396765498652291,0.9975202156334232
29,35,279,1.0047073023536512,1.1447193723596862
30,35,279,0.7509945521348029,0.9294311415178004
31,35,279,0.7644516407035504,0.8884478278469112
32,35,279,0.8436924249804112,0.934097117807755
33,35,279,1.0045637631844528,1.128169404031473
34,35,279,0.8966165413533834,1.26812567132116
35,35,279,1.1238293444328824,1.2163255867730374
0,36,280,0.0,0.0
1,36,280,0.0,0.0
2,36,280,0.0,0.0
3,36,280,0.0,0.0
4,36,280,0.0,0.0
5,36,280,0.0,0.0
6,36,280,0.0,0.0
7,36,280,0.0,0.0
8,36,280,0.0,0.0
9,36,280,0.0,0.0
10,36,280,0.0,0.0
11,36,280,0.0,0.0
12,36,280,0.0,0.0
13,36,280,0.0,0.0
14,36,280,0.0,0.0
15,36,280,0.0,0.0
16,36,280,1.0311176826399624,1.1387862087505882
17,36,280,1.0444708937459424,1.2020125513958018
18,36,280,1.04210875331565,1.1923076923076923
19,36,280,0.9406203270464524,1.1510298586657663
20,36,280,1.050755631593955,1.1901910464784715
21,36,280,1.0994251179245285,1.4677918632075473
22,36,280,1.0524953406502382,1.1715676123420995
23,36,280,0.9940381184865272,1.080180264763872
24,36,280,1.0975389251632346,1.1020592667001508
25,36,280,0.0,0.0
26,36,280,0.0,0.0
27,36,280,0.0,0.0
28,36,280,0.521167283189478,0.5768598438142212
29,36,280,0.7298294955176656,0.945282876729528
30,36,280,0.7240786240786241,0.8104176904176905
31,36,280,1.0831695400685124,1.1725725838153536
32,36,280,0.7835146114532826,0.9474511859520376
33,36,280,0.9473206176203453,1.037238873751135
34,36,280,0.9178920449356104,1.061284135537492
35,36,280,0.8972490007053844,1.0585469080648953
