,YEAR,COUNT_PER_TEN_DAYS,PRODUCT_CODE,MIN_PRODUCT_COST,MAX_PRODUCT_COST,AVG_PRODUCT_COST,UNIT
0,2020,0,111,2317.5,2317.5,2317.5,kg
1,2020,0,112,2652.5,2680.0,2665.714285714286,kg
2,2020,0,141,4667.614285714286,4667.614285714286,4667.614285714285,kg
3,2020,0,142,6891.666666666667,6925.0,6901.190476190475,kg
4,2020,0,143,8128.75,8128.75,8128.75,kg
5,2020,0,144,2863.0,2863.0,2863.0,kg
6,2020,0,151,2330.0,2360.0,2344.285714285714,kg
7,2020,0,152,1065.0,1085.0,1076.4285714285713,kg
8,2020,0,211,896.5,1065.0,962.2142857142857,kg
9,2020,0,212,1506.25,1575.0,1541.9642857142858,kg
10,2020,0,213,1775.0,2425.0,2060.714285714286,kg
11,2020,0,214,5200.0,5987.5,5578.571428571428,kg
12,2020,0,215,1000.0,1200.0,1100.0,kg
13,2020,0,221,16100.0,17400.0,16785.714285714286,개
14,2020,0,223,1364.445,1862.7783333333334,1636.4288095238096,개
15,2020,0,224,1462.5,1885.0,1672.857142857143,kg
16,2020,0,225,2540.0,3020.0,2781.4285714285716,kg
17,2020,0,226,14550.0,15750.0,15071.42857142857,kg
18,2020,0,231,997.5,1297.75,1162.5357142857142,kg
19,2020,0,232,1656.6666666666667,1746.6666666666667,1713.8095238095236,kg
20,2020,0,233,1362.5,1487.5,1412.5,kg
21,2020,0,241,14666.666666666668,15166.666666666668,14738.09523809524,kg
22,2020,0,242,5945.0,6440.0,6127.857142857143,kg
23,2020,0,243,4670.0,5890.0,5175.714285714285,kg
24,2020,0,244,3970.0,3970.0,3970.0,kg
25,2020,0,245,700.0,880.0,816.4285714285714,kg
26,2020,0,246,2405.0,2655.0,2515.714285714286,kg
27,2020,0,247,6296.666666666667,6330.0,6317.619047619048,kg
28,2020,0,252,3520.0,3800.0,3731.4285714285716,kg
29,2020,0,253,14200.0,17850.0,15707.142857142857,kg
30,2020,0,255,3670.0,6320.0,5271.428571428572,kg
31,2020,0,256,4820.0,6320.0,5702.857142857143,kg
32,2020,0,257,3812.5,4137.5,3991.0714285714284,kg
33,2020,0,258,3975.0,3975.0,3975.0,kg
34,2020,0,422,5991.5,6388.0,6163.071428571428,kg
35,2020,0,312,10201.666666666666,10201.666666666666,10201.666666666666,kg
36,2020,0,313,7786.666666666667,7786.666666666667,7786.666666666666,kg
37,2020,0,314,12225.0,12266.666666666668,12254.761904761908,kg
38,2020,0,315,4775.0,5075.0,4892.857142857143,kg
39,2020,0,316,3040.0,3440.0,3194.285714285714,kg
40,2020,0,317,3800.0,3900.0,3814.285714285714,kg
41,2020,0,411,3470.0,3880.0,3687.1428571428573,kg
42,2020,0,412,2733.333333333333,2853.333333333333,2769.523809523809,kg
43,2020,0,414,3587.5,3737.5,3644.6428571428573,kg
44,2020,0,415,2080.0,2180.0,2148.5714285714284,kg
45,2020,0,416,2840.0,2940.0,2882.8571428571427,kg
46,2020,0,418,1707.6923076923076,1738.4615384615386,1727.4725274725279,kg
47,2020,0,419,3190.0,3280.0,3212.8571428571427,kg
48,2020,0,420,1791.6666666666665,1825.0,1810.7142857142856,kg
49,2020,0,424,3529.4117647058824,3658.823529411765,3616.8067226890757,kg
50,2020,0,428,8260.0,8560.0,8474.285714285714,kg
51,2020,1,111,2317.5,2317.5,2317.5,kg
52,2020,1,112,2652.5,2652.5,2652.5,kg
53,2020,1,141,4667.614285714286,4667.614285714286,4667.614285714285,kg
54,2020,1,142,6891.666666666667,6891.666666666667,6891.666666666667,kg
55,2020,1,143,8123.75,8190.416666666667,8142.083333333333,kg
56,2020,1,144,2863.0,2863.0,2863.0,kg
57,2020,1,151,2359.0,2419.0,2394.0,kg
58,2020,1,152,1045.0,1055.0,1047.5,kg
59,2020,1,211,883.0,903.0,889.6666666666666,kg
60,2020,1,212,1468.75,1506.25,1495.8333333333333,kg
61,2020,1,213,1825.0,2050.0,1929.1666666666667,kg
62,2020,1,214,6175.0,7712.5,7262.5,kg
63,2020,1,215,1050.0,1150.0,1095.8333333333333,kg
64,2020,1,221,16250.0,17100.0,16766.666666666668,개
65,2020,1,223,2009.9983333333332,2250.0,2148.4255555555555,개
66,2020,1,224,1997.5,2167.5,2082.9166666666665,kg
67,2020,1,225,3100.0,3530.0,3328.3333333333335,kg
68,2020,1,226,14400.0,15600.0,15008.333333333334,kg
69,2020,1,231,897.5,1062.5,1006.25,kg
70,2020,1,232,1653.3333333333333,1693.3333333333333,1681.111111111111,kg
71,2020,1,233,1387.5,1587.5,1500.0,kg
72,2020,1,241,14666.666666666668,14666.666666666668,14666.66666666667,kg
73,2020,1,242,6525.0,8260.0,7631.666666666668,kg
74,2020,1,243,5170.0,6280.0,5751.666666666667,kg
75,2020,1,244,3970.0,3970.0,3970.0,kg
76,2020,1,245,875.0,885.0,880.0,kg
77,2020,1,246,2610.0,2875.0,2697.5,kg
78,2020,1,247,6323.333333333333,6330.0,6324.444444444444,kg
79,2020,1,252,3560.0,5600.0,4484.444444444444,kg
80,2020,1,253,16500.0,19200.0,18033.333333333332,kg
81,2020,1,255,6080.0,6760.0,6478.333333333333,kg
82,2020,1,256,6240.0,7540.0,6723.333333333333,kg
83,2020,1,257,3762.5,4112.5,3937.5,kg
84,2020,1,258,3725.0,3975.0,3933.3333333333335,kg
85,2020,1,422,5673.0,6216.5,5947.583333333333,kg
86,2020,1,312,10200.0,10203.333333333334,10201.111111111111,kg
87,2020,1,313,7786.666666666667,7786.666666666667,7786.666666666667,kg
88,2020,1,314,12266.666666666668,12266.666666666668,12266.66666666667,kg
89,2020,1,315,5300.0,7125.0,6179.166666666667,kg
90,2020,1,316,3360.0,3920.0,3500.0,kg
91,2020,1,317,4175.0,4775.0,4425.0,kg
92,2020,1,411,3600.0,3940.0,3743.3333333333335,kg
93,2020,1,412,2526.666666666667,2840.0,2651.1111111111118,kg
94,2020,1,414,3637.5,3687.5,3670.8333333333335,kg
95,2020,1,415,2120.0,2180.0,2130.0,kg
96,2020,1,416,2740.0,2870.0,2788.3333333333335,kg
97,2020,1,418,1769.2307692307693,1807.6923076923076,1788.4615384615383,kg
98,2020,1,419,3050.0,3220.0,3138.3333333333335,kg
99,2020,1,420,1833.3333333333335,1908.3333333333333,1870.8333333333333,kg
100,2020,1,424,3470.5882352941176,3635.2941176470586,3576.470588235294,kg
101,2020,1,428,8100.0,8480.0,8390.0,kg
102,2020,2,111,2317.5,2317.5,2317.5,kg
103,2020,2,112,2627.5,2652.5,2631.0714285714284,kg
104,2020,2,141,4667.614285714286,4667.614285714286,4667.614285714285,kg
105,2020,2,142,6891.666666666667,6891.666666666667,6891.666666666666,kg
106,2020,2,143,8190.416666666667,8190.416666666667,8190.416666666666,kg
107,2020,2,144,2800.0,2863.0,2809.0,kg
108,2020,2,151,2340.0,2450.0,2395.714285714286,kg
109,2020,2,152,1045.0,1075.0,1067.142857142857,kg
110,2020,2,211,883.0,925.0,899.1785714285714,kg
111,2020,2,212,1337.5,1421.875,1388.8392857142858,kg
112,2020,2,213,1750.0,2100.0,1914.2857142857142,kg
113,2020,2,214,2712.5,7175.0,5000.446428571428,kg
114,2020,2,215,1050.0,1093.75,1066.9642857142858,kg
115,2020,2,221,16900.0,18200.0,17328.571428571428,개
116,2020,2,223,1916.665,2543.3316666666665,2174.681666666667,개
117,2020,2,224,1532.5,1930.0,1701.875,kg
118,2020,2,225,2870.0,3530.0,3093.9285714285716,kg
119,2020,2,226,11500.0,16550.0,14121.42857142857,kg
120,2020,2,231,707.5,865.0,798.2142857142857,kg
121,2020,2,232,1556.6666666666667,1653.3333333333333,1597.857142857143,kg
122,2020,2,233,1325.0,1612.5,1429.4642857142858,kg
123,2020,2,241,14433.333333333334,14666.666666666668,14600.0,kg
124,2020,2,242,7102.083333333333,8078.333333333333,7750.535714285715,kg
125,2020,2,243,6070.0,7380.0,6811.785714285715,kg
126,2020,2,244,3920.0,3970.0,3941.4285714285716,kg
127,2020,2,245,855.0,885.0,868.9333333333333,kg
128,2020,2,246,2500.0,2940.0,2730.0,kg
129,2020,2,247,6323.333333333333,6330.0,6327.02380952381,kg
130,2020,2,252,3800.0,6266.666666666666,5161.9047619047615,kg
131,2020,2,253,12300.0,18950.0,16489.285714285714,kg
132,2020,2,255,5420.0,6960.0,6161.785714285715,kg
133,2020,2,256,6960.0,8080.0,7552.142857142857,kg
134,2020,2,257,3500.0,4037.5,3675.0,kg
135,2020,2,258,3593.75,3725.0,3634.8214285714284,kg
136,2020,2,422,4901.5,5703.0,5142.321428571428,kg
137,2020,2,312,10198.333333333332,10201.666666666666,10200.714285714284,kg
138,2020,2,313,7786.666666666667,7786.666666666667,7786.666666666666,kg
139,2020,2,314,12266.666666666668,12566.666666666666,12523.809523809525,kg
140,2020,2,315,4500.0,7325.0,5986.607142857143,kg
141,2020,2,316,2400.0,3920.0,3144.285714285714,kg
142,2020,2,317,3275.0,4400.0,3914.285714285714,kg
143,2020,2,411,3162.5,3740.0,3331.785714285714,kg
144,2020,2,412,2513.333333333333,2746.6666666666665,2580.714285714286,kg
145,2020,2,414,3671.875,3912.5,3749.5535714285716,kg
146,2020,2,415,1987.5,2120.0,2045.357142857143,kg
147,2020,2,416,2550.0,2890.0,2669.6428571428573,kg
148,2020,2,418,1776.9230769230771,1846.1538461538462,1800.0000000000005,kg
149,2020,2,419,3070.0,3120.0,3079.6428571428573,kg
150,2020,2,420,1766.6666666666665,1885.4166666666667,1828.8690476190475,kg
151,2020,2,424,3270.5882352941176,3389.7058823529414,3354.831932773109,kg
152,2020,2,428,7580.0,7940.0,7827.857142857143,kg
153,2020,3,111,2317.5,2317.5,2317.5,kg
154,2020,3,112,2627.5,2627.5,2627.5,kg
155,2020,3,141,4667.614285714286,4667.614285714286,4667.614285714285,kg
156,2020,3,142,6891.666666666667,6891.666666666667,6891.666666666667,kg
157,2020,3,143,8157.083333333333,8190.416666666667,8173.75,kg
158,2020,3,144,2800.0,2800.0,2800.0,kg
159,2020,3,151,2340.0,2540.0,2460.0,kg
160,2020,3,152,1040.0,1080.0,1060.8333333333333,kg
161,2020,3,211,830.0,860.0,843.3333333333334,kg
162,2020,3,212,1231.25,1350.0,1294.7916666666667,kg
163,2020,3,213,1525.0,1850.0,1668.75,kg
164,2020,3,214,1962.5,2337.5,2204.1666666666665,kg
165,2020,3,215,1075.0,1225.0,1150.0,kg
166,2020,3,221,16700.0,18200.0,17333.333333333332,개
167,2020,3,223,1888.8883333333333,2334.445,2152.87,개
168,2020,3,224,1915.0,2345.0,2144.1666666666665,kg
169,2020,3,225,3100.0,3470.0,3318.3333333333335,kg
170,2020,3,226,9750.0,10800.0,10150.0,kg
171,2020,3,231,465.0,615.0,530.8333333333334,kg
172,2020,3,232,1430.0,1596.6666666666667,1521.1111111111113,kg
173,2020,3,233,1275.0,1400.0,1333.3333333333333,kg
174,2020,3,241,14433.333333333334,14433.333333333334,14433.333333333334,kg
175,2020,3,242,7448.333333333333,8896.666666666666,8414.166666666666,kg
176,2020,3,243,4260.0,5060.0,4646.666666666667,kg
177,2020,3,244,3920.0,3920.0,3920.0,kg
178,2020,3,245,835.0,855.0,840.0,kg
179,2020,3,246,2490.0,2605.0,2533.3333333333335,kg
180,2020,3,247,6323.333333333333,6356.666666666667,6345.555555555556,kg
181,2020,3,252,3053.333333333333,3466.666666666667,3233.3333333333335,kg
182,2020,3,253,9600.0,10400.0,10016.666666666666,kg
183,2020,3,255,7000.0,10450.0,8941.666666666666,kg
184,2020,3,256,6900.0,7500.0,7200.0,kg
185,2020,3,257,3625.0,3950.0,3745.8333333333335,kg
186,2020,3,258,3600.0,3630.0,3605.0,kg
187,2020,3,422,4501.5,4751.5,4643.166666666667,kg
188,2020,3,312,10198.333333333332,10203.333333333332,10199.72222222222,kg
189,2020,3,313,7786.666666666667,7786.666666666667,7786.666666666667,kg
190,2020,3,314,12566.666666666666,12566.666666666666,12566.666666666666,kg
191,2020,3,315,3975.0,4550.0,4258.333333333333,kg
192,2020,3,316,1960.0,2160.0,2060.0,kg
193,2020,3,317,2725.0,3075.0,2941.6666666666665,kg
194,2020,3,411,3260.0,3420.0,3343.3333333333335,kg
195,2020,3,412,2653.3333333333335,2846.666666666667,2734.444444444445,kg
196,2020,3,414,3912.5,4037.5,3933.3333333333335,kg
197,2020,3,415,2060.0,2110.0,2088.3333333333335,kg
198,2020,3,416,2550.0,2810.0,2613.3333333333335,kg
199,2020,3,418,1807.6923076923076,1907.6923076923078,1824.3589743589746,kg
200,2020,3,419,3320.0,3560.0,3416.6666666666665,kg
201,2020,3,420,1725.0,1766.6666666666665,1734.722222222222,kg
202,2020,3,424,3223.529411764706,3270.5882352941176,3247.058823529412,kg
203,2020,3,428,7580.0,7660.0,7633.333333333333,kg
204,2020,3,421,2361.1111111111113,2361.1111111111113,2361.1111111111113,kg
205,2020,4,111,2317.5,2317.5,2317.5,kg
206,2020,4,112,2627.5,2627.5,2627.5,kg
207,2020,4,141,4667.614285714286,4667.614285714286,4667.614285714285,kg
208,2020,4,142,6825.0,6825.0,6825.0,kg
209,2020,4,143,8157.083333333333,8157.083333333333,8157.083333333334,kg
210,2020,4,144,2800.0,2800.0,2800.0,kg
211,2020,4,151,2240.0,2560.0,2410.0,kg
212,2020,4,152,905.0,1060.0,998.75,kg
213,2020,4,211,850.0,950.0,885.0,kg
214,2020,4,212,1275.0,1425.0,1359.375,kg
215,2020,4,213,1725.0,2075.0,1943.75,kg
216,2020,4,214,2262.5,2600.0,2407.8125,kg
217,2020,4,215,1100.0,1325.0,1184.375,kg
218,2020,4,221,17000.0,18400.0,17862.5,개
219,2020,4,223,1514.4433333333334,1923.89,1630.4170833333333,개
220,2020,4,224,1555.0,1785.0,1688.75,kg
221,2020,4,225,3290.0,3880.0,3551.25,kg
222,2020,4,226,8150.0,9750.0,8962.5,kg
223,2020,4,231,497.5,547.5,516.5625,kg
224,2020,4,232,1423.3333333333333,1476.6666666666667,1445.8333333333333,kg
225,2020,4,233,1450.0,1662.5,1550.0,kg
226,2020,4,241,14258.333333333334,14258.333333333334,14258.333333333332,kg
227,2020,4,242,6596.666666666667,8430.0,7732.708333333334,kg
228,2020,4,243,4760.0,6080.0,5465.0,kg
229,2020,4,244,3920.0,3920.0,3920.0,kg
230,2020,4,245,830.0,1080.0,924.6875,kg
231,2020,4,246,2305.0,2605.0,2497.5,kg
232,2020,4,247,6356.666666666667,6406.666666666667,6385.833333333333,kg
233,2020,4,252,3666.666666666667,4946.666666666667,4461.666666666667,kg
234,2020,4,253,8500.0,10600.0,9262.5,kg
235,2020,4,255,7080.0,10870.0,8775.0,kg
236,2020,4,256,5420.0,7300.0,6177.5,kg
237,2020,4,257,3962.5,4162.5,4085.9375,kg
238,2020,4,258,3600.0,3630.0,3615.0,kg
239,2020,4,422,4751.5,5441.5,5107.75,kg
240,2020,4,312,10203.333333333332,10286.666666666666,10255.416666666666,kg
241,2020,4,313,7682.962962962963,7697.777777777777,7688.518518518518,kg
242,2020,4,314,12500.0,12566.666666666666,12508.333333333332,kg
243,2020,4,315,3850.0,4100.0,3975.0,kg
244,2020,4,316,1960.0,2120.0,2040.0,kg
245,2020,4,317,2825.0,2825.0,2825.0,kg
246,2020,4,411,3140.0,3520.0,3265.0,kg
247,2020,4,412,2700.0,2833.3333333333335,2790.833333333333,kg
248,2020,4,414,4037.5,4175.0,4068.75,kg
249,2020,4,415,3960.0,4335.0,4143.25,kg
250,2020,4,416,3010.0,3170.0,3080.0,kg
251,2020,4,418,1861.5384615384614,1938.4615384615386,1898.076923076923,kg
252,2020,4,419,3390.0,3560.0,3496.25,kg
253,2020,4,420,1675.0,1741.6666666666665,1695.8333333333333,kg
254,2020,4,421,2361.1111111111113,3064.833333333333,2483.798611111111,kg
255,2020,4,424,3247.0588235294117,3270.5882352941176,3264.7058823529414,kg
256,2020,4,428,7280.0,7660.0,7470.0,kg
257,2020,5,111,2304.15,2315.625,2309.8875,kg
258,2020,5,112,2604.1625,2625.0,2614.58125,kg
259,2020,5,141,4661.910714285715,4719.052380952381,4690.481547619048,kg
260,2020,5,142,6816.674999999999,6904.166666666667,6860.420833333333,kg
261,2020,5,143,8195.833333333334,8343.058333333332,8269.445833333333,kg
262,2020,5,144,2650.0,2767.0,2708.5,kg
263,2020,5,151,2287.5,3262.5,2716.6666666666665,kg
264,2020,5,152,881.25,1268.75,1043.75,kg
265,2020,5,211,837.5,937.5,875.0,kg
266,2020,5,212,1234.375,1406.25,1328.125,kg
267,2020,5,213,2125.0,2375.0,2229.1666666666665,kg
268,2020,5,214,2312.5,2718.75,2476.5625,kg
269,2020,5,215,1125.0,1125.0,1125.0,kg
270,2020,5,221,18250.0,18750.0,18541.666666666668,개
271,2020,5,223,1510.0,1677.2216666666666,1566.944166666667,개
272,2020,5,224,1843.75,1981.25,1911.4583333333333,kg
273,2020,5,225,3575.0,3575.0,3575.0,kg
274,2020,5,226,8000.0,8625.0,8354.166666666666,kg
275,2020,5,231,434.375,528.125,467.7083333333333,kg
276,2020,5,232,1412.5,1458.3333333333333,1429.8611111111113,kg
277,2020,5,233,1671.875,1734.375,1682.2916666666667,kg
278,2020,5,241,14489.583333333332,14489.583333333332,14489.58333333333,kg
279,2020,5,242,8481.25,9206.25,8923.611111111111,kg
280,2020,5,243,6100.0,6925.0,6608.333333333333,kg
281,2020,5,244,3893.75,3893.75,3893.75,kg
282,2020,5,245,1143.7666666666667,1556.2666666666667,1362.5166666666667,kg
283,2020,5,246,2031.25,2400.0,2143.75,kg
284,2020,5,247,6404.166666666667,6645.833333333333,6472.222222222223,kg
285,2020,5,252,3683.333333333333,4900.0,4412.511111111111,kg
286,2020,5,253,8625.0,10875.0,9958.333333333334,kg
287,2020,5,255,5300.0,7162.5,6387.5,kg
288,2020,5,256,6150.0,7650.0,7012.5,kg
289,2020,5,257,4031.25,4531.25,4348.958333333333,kg
290,2020,5,258,3593.75,3593.75,3593.75,kg
291,2020,5,422,5339.5,6527.0,6022.833333333333,kg
292,2020,5,312,10183.333333333334,10285.416666666666,10236.690277777778,kg
293,2020,5,313,7543.207407407408,7706.170370370371,7649.485185185185,kg
294,2020,5,314,11791.666666666668,11965.283333333333,11936.34722222222,kg
295,2020,5,315,3937.5,4812.5,4302.083333333333,kg
296,2020,5,316,2050.0,3125.0,2745.8333333333335,kg
297,2020,5,317,2906.25,2906.25,2906.25,kg
298,2020,5,411,3262.5,3575.0,3439.5833333333335,kg
299,2020,5,412,2783.333333333333,2833.333333333333,2797.222222222222,kg
300,2020,5,414,4171.875,4171.875,4171.875,kg
301,2020,5,415,4177.083333333334,6500.0,5835.069444444444,kg
302,2020,5,416,3150.0,3462.5,3331.25,kg
303,2020,5,418,1923.076923076923,1923.076923076923,1923.076923076923,kg
304,2020,5,419,3275.0,3425.0,3350.0,kg
305,2020,5,420,1666.6666666666665,1666.6666666666665,1666.6666666666663,kg
306,2020,5,421,3064.833333333333,3064.833333333333,3064.8333333333326,kg
307,2020,5,424,3242.6470588235293,3242.6470588235293,3242.6470588235293,kg
308,2020,5,428,7225.0,7225.0,7225.0,kg
309,2020,6,111,2315.625,2317.5,2316.160714285714,kg
310,2020,6,112,2592.5,2625.0,2597.8571428571427,kg
311,2020,6,141,4667.614285714286,4719.052380952381,4704.355782312925,kg
312,2020,6,142,6823.333333333333,6925.0,6893.214285714287,kg
313,2020,6,143,8157.083333333333,8343.058333333332,8289.92261904762,kg
314,2020,6,144,2767.0,2800.0,2776.4285714285716,kg
315,2020,6,151,3120.0,3287.5,3196.785714285714,kg
316,2020,6,152,980.0,1193.75,1093.392857142857,kg
317,2020,6,211,837.5,890.0,850.3571428571429,kg
318,2020,6,212,1137.5,1328.125,1229.017857142857,kg
319,2020,6,213,1625.0,2275.0,1888.392857142857,kg
320,2020,6,214,2234.375,3112.5,2563.839285714286,kg
321,2020,6,215,906.25,1075.0,979.4642857142857,kg
322,2020,6,221,17375.0,18400.0,17775.0,개
323,2020,6,223,1122.2250000000001,1368.8883333333333,1229.2061904761906,개
324,2020,6,224,1435.0,1771.875,1663.0357142857142,kg
325,2020,6,225,3400.0,4030.0,3790.3571428571427,kg
326,2020,6,226,7700.0,8000.0,7883.928571428572,kg
327,2020,6,231,434.375,496.875,466.1607142857143,kg
328,2020,6,232,1470.8333333333333,1537.5,1505.357142857143,kg
329,2020,6,233,1887.5,2187.5,1954.9107142857142,kg
330,2020,6,241,14258.333333333334,14489.583333333332,14423.511904761903,kg
331,2020,6,242,6128.333333333333,7810.416666666667,6768.1785714285725,kg
332,2020,6,243,7425.0,10740.0,8412.857142857143,kg
333,2020,6,244,3893.75,3920.0,3901.25,kg
334,2020,6,245,1095.0,1381.2666666666667,1200.895238095238,kg
335,2020,6,246,1493.75,1775.0,1562.6785714285713,kg
336,2020,6,247,7541.666666666667,7970.0,7838.571428571428,kg
337,2020,6,252,3533.333333333333,4733.333333333334,4114.285714285714,kg
338,2020,6,253,7937.5,9300.0,8576.785714285714,kg
339,2020,6,255,4350.0,5470.0,4818.571428571428,kg
340,2020,6,256,6650.0,7800.0,7188.571428571428,kg
341,2020,6,257,4212.5,4375.0,4264.285714285715,kg
342,2020,6,258,3593.75,3600.0,3595.535714285714,kg
343,2020,6,422,5641.5,6389.5,6003.285714285715,kg
344,2020,6,312,10290.0,10295.833333333334,10294.166666666668,kg
345,2020,6,313,7798.148148148147,7838.88888888889,7822.380952380953,kg
346,2020,6,314,11791.666666666668,12477.783333333333,11987.699999999999,kg
347,2020,6,315,3781.25,3968.75,3895.535714285714,kg
348,2020,6,316,1860.0,2325.0,1970.7142857142858,kg
349,2020,6,317,2718.75,3025.0,2915.1785714285716,kg
350,2020,6,411,3300.0,3770.0,3592.8571428571427,kg
351,2020,6,412,2808.333333333333,2875.0,2831.1904761904757,kg
352,2020,6,414,4171.875,4175.0,4172.767857142857,kg
353,2020,6,415,6500.0,6958.333333333333,6735.714285714285,kg
354,2020,6,416,3462.5,3787.5,3677.3857142857146,kg
355,2020,6,418,1923.076923076923,1953.8461538461538,1934.6153846153848,kg
356,2020,6,419,3125.0,3287.5,3238.9285714285716,kg
357,2020,6,420,1691.6666666666665,1770.8333333333335,1736.3095238095236,kg
358,2020,6,421,2794.4444444444443,3020.833333333333,2955.7539682539687,kg
359,2020,6,424,3217.6470588235293,3242.6470588235293,3235.504201680672,kg
360,2020,6,428,7225.0,7540.0,7289.285714285715,kg
361,2020,7,111,2316.5,2317.5,2317.0,kg
362,2020,7,112,2592.5,2592.5,2592.5,kg
363,2020,7,141,4658.090476190476,4667.614285714286,4661.661904761904,kg
364,2020,7,142,6778.333333333333,6823.333333333333,6800.833333333334,kg
365,2020,7,143,8136.25,8157.083333333333,8144.0625,kg
366,2020,7,144,2800.0,2800.0,2800.0,kg
367,2020,7,151,3260.0,3460.0,3377.5,kg
368,2020,7,152,970.0,1120.0,1033.75,kg
369,2020,7,211,810.0,890.0,860.0,kg
370,2020,7,212,1137.5,1218.75,1192.1875,kg
371,2020,7,213,2150.0,2750.0,2456.25,kg
372,2020,7,214,2412.5,3325.0,2626.5625,kg
373,2020,7,215,987.5,1100.0,1026.5625,kg
374,2020,7,221,17100.0,18400.0,17500.0,개
375,2020,7,222,5790.0,7550.0,6372.5,kg
376,2020,7,223,1020.5533333333333,1263.89,1195.1374999999998,개
377,2020,7,224,1225.0,1545.0,1436.875,kg
378,2020,7,225,4160.0,4480.0,4335.0,kg
379,2020,7,226,7400.0,8400.0,7762.5,kg
380,2020,7,231,372.5,432.5,418.75,kg
381,2020,7,232,1540.0,1953.3333333333333,1810.8333333333335,kg
382,2020,7,233,1762.5,2187.5,1968.75,kg
383,2020,7,241,14258.333333333334,14350.0,14315.625,kg
384,2020,7,242,5421.666666666667,6338.333333333333,5909.999999999999,kg
385,2020,7,243,11540.0,12660.0,12002.5,kg
386,2020,7,244,3820.0,3920.0,3832.5,kg
387,2020,7,245,990.0,1155.0,1093.75,kg
388,2020,7,246,1555.0,1815.0,1632.5,kg
389,2020,7,247,7970.0,8016.666666666667,7989.166666666666,kg
390,2020,7,252,4000.0,4480.0,4161.666666666666,kg
391,2020,7,253,8800.0,9300.0,8962.5,kg
392,2020,7,255,3630.0,5390.0,4442.5,kg
393,2020,7,256,5740.0,7540.0,6545.0,kg
394,2020,7,257,4237.5,4337.5,4303.125,kg
395,2020,7,258,3475.0,3600.0,3490.625,kg
396,2020,7,422,5821.5,6291.5,6120.25,kg
397,2020,7,312,10373.333333333334,10423.333333333334,10397.5,kg
398,2020,7,313,7801.481481481482,7826.666666666667,7815.3703703703695,kg
399,2020,7,314,12477.783333333333,12477.783333333333,12477.783333333333,kg
400,2020,7,315,3750.0,4025.0,3884.375,kg
401,2020,7,316,1710.0,1940.0,1845.0,kg
402,2020,7,317,3025.0,3175.0,3075.0,kg
403,2020,7,411,3130.0,3540.0,3360.0,kg
404,2020,7,412,2760.0,2853.333333333333,2806.6666666666665,kg
405,2020,7,414,3975.0,4175.0,4090.625,kg
406,2020,7,415,6966.666666666666,7233.333333333334,7100.0,kg
407,2020,7,418,1953.8461538461538,1969.2307692307693,1965.3846153846155,kg
408,2020,7,419,3240.0,3400.0,3297.5,kg
409,2020,7,420,1616.6666666666665,1691.6666666666665,1647.9166666666663,kg
410,2020,7,421,2700.0,2794.4444444444443,2739.583333333333,kg
411,2020,7,424,3152.9411764705883,3217.6470588235293,3171.3235294117644,kg
412,2020,7,428,7500.0,7540.0,7510.0,kg
413,2020,8,111,2316.5,2316.5,2316.5,kg
414,2020,8,112,2592.5,2592.5,2592.5,kg
415,2020,8,141,4658.090476190476,4658.090476190476,4658.090476190476,kg
416,2020,8,142,6778.333333333333,6845.0,6787.857142857143,kg
417,2020,8,143,8136.25,8146.25,8141.964285714285,kg
418,2020,8,144,2800.0,2800.0,2800.0,kg
419,2020,8,151,3240.0,3420.0,3328.5714285714284,kg
420,2020,8,152,1160.0,1200.0,1185.7142857142858,kg
421,2020,8,211,820.0,910.0,848.5714285714286,kg
422,2020,8,212,1225.0,1487.5,1298.2142857142858,kg
423,2020,8,213,2150.0,2400.0,2321.4285714285716,kg
424,2020,8,214,2075.0,2662.5,2391.0714285714284,kg
425,2020,8,215,1100.0,1325.0,1187.857142857143,kg
426,2020,8,221,16100.0,17300.0,16785.714285714286,개
427,2020,8,222,7080.0,8770.0,8005.714285714285,kg
428,2020,8,223,671.6666666666666,808.3299999999999,766.4276190476191,개
429,2020,8,224,832.5,1070.0,980.0,kg
430,2020,8,225,4100.0,4660.0,4352.857142857143,kg
431,2020,8,226,7150.0,7750.0,7414.285714285715,kg
432,2020,8,231,410.0,475.0,432.5,kg
433,2020,8,232,2006.6666666666667,2563.3333333333335,2215.714285714286,kg
434,2020,8,233,1787.5,2062.5,1894.642857142857,kg
435,2020,8,241,14350.0,14475.000000000002,14421.42857142857,kg
436,2020,8,242,4751.666666666667,5481.666666666667,5249.7619047619055,kg
437,2020,8,243,10285.0,11900.0,11306.42857142857,kg
438,2020,8,244,3820.0,3820.0,3820.0,kg
439,2020,8,245,970.0,1140.0,1025.0,kg
440,2020,8,246,1610.0,1810.0,1700.7142857142858,kg
441,2020,8,247,7916.666666666667,7983.333333333333,7945.2380952380945,kg
442,2020,8,252,3546.666666666667,4106.666666666667,3761.9047619047624,kg
443,2020,8,253,8250.0,9100.0,8671.42857142857,kg
444,2020,8,255,2110.0,3090.0,2698.5714285714284,kg
445,2020,8,256,4980.0,5540.0,5254.285714285715,kg
446,2020,8,257,3425.0,4287.5,3980.3571428571427,kg
447,2020,8,258,3475.0,3475.0,3475.0,kg
448,2020,8,422,5611.5,6041.5,5837.214285714285,kg
449,2020,8,312,10420.0,10431.666666666666,10423.095238095239,kg
450,2020,8,313,7804.444444444444,7826.666666666667,7823.492063492064,kg
451,2020,8,314,12477.783333333333,12590.0,12493.814285714285,kg
452,2020,8,315,3687.5,3937.5,3832.1428571428573,kg
453,2020,8,316,1580.0,1700.0,1648.5714285714287,kg
454,2020,8,317,3025.0,3125.0,3085.714285714286,kg
455,2020,8,411,3230.0,3470.0,3364.285714285714,kg
456,2020,8,412,2840.0,2866.666666666667,2851.4285714285716,kg
457,2020,8,414,3838.5625,3885.4375,3865.348214285714,kg
458,2020,8,418,1969.2307692307693,2030.769230769231,1982.4175824175823,kg
459,2020,8,419,3380.0,3510.0,3437.1428571428573,kg
460,2020,8,420,1616.6666666666665,1850.0,1688.095238095238,kg
461,2020,8,421,2766.666666666667,2933.333333333333,2839.6825396825393,kg
462,2020,8,424,3076.470588235294,3100.0,3088.2352941176464,kg
463,2020,8,428,7660.0,7660.0,7660.0,kg
464,2020,9,111,2316.5,2316.5,2316.5,kg
465,2020,9,112,2592.5,2592.5,2592.5,kg
466,2020,9,141,4588.095238095238,4670.0,4643.5690476190475,kg
467,2020,9,142,6845.0,6855.0,6849.583333333334,kg
468,2020,9,143,8146.25,8379.583333333334,8272.916666666666,kg
469,2020,9,144,2800.0,2800.0,2800.0,kg
470,2020,9,151,3260.0,3670.0,3447.5,kg
471,2020,9,152,1085.0,2590.0,1511.25,kg
472,2020,9,211,830.0,910.0,855.0,kg
473,2020,9,212,1400.0,1568.75,1505.46875,kg
474,2020,9,213,2050.0,2400.0,2212.5,kg
475,2020,9,214,1925.0,2362.5,2132.8125,kg
476,2020,9,215,1025.0,1187.5,1125.0,kg
477,2020,9,221,16700.0,16900.0,16750.0,개
478,2020,9,222,5140.0,6620.0,5787.5,kg
479,2020,9,223,712.7800000000001,770.5566666666667,744.0283333333334,개
480,2020,9,224,657.5,867.5,782.8125,kg
481,2020,9,225,3940.0,4510.0,4215.0,kg
482,2020,9,226,7500.0,7750.0,7662.5,kg
483,2020,9,231,357.5,430.0,393.75,kg
484,2020,9,232,2246.6666666666665,2610.0,2413.75,kg
485,2020,9,233,1575.0,1775.0,1673.4375,kg
486,2020,9,241,14475.000000000002,14475.000000000002,14475.000000000002,kg
487,2020,9,242,3791.6666666666665,4735.0,4164.166666666667,kg
488,2020,9,243,9105.0,14900.0,12232.5,kg
489,2020,9,244,3820.0,3820.0,3820.0,kg
490,2020,9,245,1090.0,1222.5,1157.5,kg
491,2020,9,246,1762.5,1860.0,1815.9375,kg
492,2020,9,247,7883.333333333333,7916.666666666667,7908.333333333334,kg
493,2020,9,252,2900.0,3666.666666666667,3309.166666666667,kg
494,2020,9,253,7850.0,8500.0,8243.75,kg
495,2020,9,255,2020.0,2400.0,2197.5,kg
496,2020,9,256,4540.0,5460.0,4835.0,kg
497,2020,9,257,3425.0,3575.0,3556.25,kg
498,2020,9,258,3475.0,3475.0,3475.0,kg
499,2020,9,422,5171.5,5741.5,5534.3125,kg
500,2020,9,312,10423.333333333332,10431.666666666666,10429.583333333332,kg
501,2020,9,313,7804.444444444444,7856.296296296296,7830.370370370369,kg
502,2020,9,314,12665.0,12987.5,12817.8125,kg
503,2020,9,315,3875.0,4150.0,4017.1875,kg
504,2020,9,316,1400.0,1560.0,1466.25,kg
505,2020,9,317,2875.0,3125.0,2975.0,kg
506,2020,9,411,3200.0,3530.0,3363.75,kg
507,2020,9,412,2713.333333333333,2840.0,2779.1666666666665,kg
508,2020,9,414,3864.59375,4088.5625,3980.48828125,kg
509,2020,9,418,2046.1538461538462,2184.6153846153848,2131.7307692307695,kg
510,2020,9,419,3300.0,3550.0,3417.5,kg
511,2020,9,420,1850.0,1900.0,1877.0833333333335,kg
512,2020,9,421,2833.333333333333,2911.1111111111113,2875.0000000000005,kg
513,2020,9,424,2964.7058823529414,3047.0588235294117,3016.176470588235,kg
514,2020,9,428,7740.0,7860.0,7785.0,kg
515,2020,10,111,2306.5,2316.5,2308.5,kg
516,2020,10,112,2592.5,2592.5,2592.5,kg
517,2020,10,141,4588.095238095238,4588.095238095238,4588.095238095238,kg
518,2020,10,142,6846.666666666667,6856.666666666667,6852.666666666667,kg
519,2020,10,143,8367.916666666666,8434.583333333334,8394.583333333334,kg
520,2020,10,144,2800.0,2800.0,2800.0,kg
521,2020,10,151,3710.0,4290.0,3954.0,kg
522,2020,10,152,2510.0,2640.0,2562.0,kg
523,2020,10,211,860.0,920.0,902.0,kg
524,2020,10,212,1700.0,2031.25,1853.75,kg
525,2020,10,213,2375.0,2650.0,2515.0,kg
526,2020,10,214,2118.75,2393.75,2257.5,kg
527,2020,10,215,912.5,1137.5,1065.0,kg
528,2020,10,221,15000.0,16300.0,15420.0,개
529,2020,10,222,4860.0,5160.0,5004.0,kg
530,2020,10,223,561.665,652.7766666666666,624.111,개
531,2020,10,224,637.5,723.75,669.25,kg
532,2020,10,225,3880.0,4080.0,4028.0,kg
533,2020,10,226,7550.0,7950.0,7750.0,kg
534,2020,10,231,377.5,452.5,433.5,kg
535,2020,10,232,2113.3333333333335,2200.0,2134.666666666667,kg
536,2020,10,233,1525.0,1662.5,1582.5,kg
537,2020,10,241,14475.000000000002,14475.000000000002,14475.000000000004,kg
538,2020,10,242,3671.6666666666665,4121.666666666667,3957.666666666667,kg
539,2020,10,243,8920.0,12020.0,10656.0,kg
540,2020,10,244,3820.0,3820.0,3820.0,kg
541,2020,10,245,1060.0,1180.0,1116.0,kg
542,2020,10,246,1940.0,2500.0,2206.0,kg
543,2020,10,247,7870.0,7883.333333333333,7880.666666666666,kg
544,2020,10,252,2886.666666666667,3620.0,3158.666666666667,kg
545,2020,10,253,7850.0,9150.0,8450.0,kg
546,2020,10,255,1570.0,2170.0,1890.0,kg
547,2020,10,256,3740.0,4420.0,4164.0,kg
548,2020,10,257,3475.0,3675.0,3625.0,kg
549,2020,10,258,3475.0,3500.0,3490.0,kg
550,2020,10,422,4691.5,5654.0,5164.0,kg
551,2020,10,312,10506.666666666666,10631.666666666666,10561.666666666668,kg
552,2020,10,313,7792.592592592592,7856.296296296296,7822.814814814815,kg
553,2020,10,314,12987.5,12987.5,12987.5,kg
554,2020,10,315,4000.0,4237.5,4145.0,kg
555,2020,10,316,1580.0,1790.0,1656.0,kg
556,2020,10,317,3075.0,3075.0,3075.0,kg
557,2020,10,411,3240.0,3780.0,3542.0,kg
558,2020,10,412,2780.0,3066.6666666666665,2895.9999999999995,kg
559,2020,10,414,4057.3125,4213.5625,4132.3125,kg
560,2020,10,418,2184.6153846153848,2323.076923076923,2240.0,kg
561,2020,10,419,3350.0,3350.0,3350.0,kg
562,2020,10,420,1891.6666666666667,1900.0,1898.3333333333333,kg
563,2020,10,421,2766.666666666667,2822.222222222222,2785.5555555555557,kg
564,2020,10,424,2964.7058823529414,3023.529411764706,3000.0000000000005,kg
565,2020,10,428,7940.0,8260.0,8104.0,kg
566,2020,11,111,2306.5,2306.5,2306.5,kg
567,2020,11,112,2534.0,2542.5,2540.0714285714284,kg
568,2020,11,141,4524.757142857143,4547.614285714286,4537.274149659864,kg
569,2020,11,142,6846.666666666667,6846.666666666667,6846.666666666666,kg
570,2020,11,143,8434.583333333334,8489.583333333334,8445.535714285716,kg
571,2020,11,144,2800.0,2800.0,2800.0,kg
572,2020,11,151,4240.0,4580.0,4400.0,kg
573,2020,11,152,2570.0,2700.0,2627.8571428571427,kg
574,2020,11,211,920.0,1470.0,1167.142857142857,kg
575,2020,11,212,1712.5,1900.0,1788.392857142857,kg
576,2020,11,213,2000.0,2450.0,2203.5714285714284,kg
577,2020,11,214,1750.0,2506.25,2065.1785714285716,kg
578,2020,11,215,1137.5,1162.5,1144.642857142857,kg
579,2020,11,221,13600.0,15000.0,14428.57142857143,개
580,2020,11,222,4650.0,4940.0,4791.428571428572,kg
581,2020,11,223,582.7800000000001,675.0,643.6511904761904,개
582,2020,11,224,635.0,796.25,696.6071428571429,kg
583,2020,11,225,3350.0,3880.0,3594.285714285714,kg
584,2020,11,226,7150.0,8300.0,7692.857142857143,kg
585,2020,11,231,455.0,495.0,467.85714285714283,kg
586,2020,11,232,2083.3333333333335,2113.3333333333335,2105.2380952380954,kg
587,2020,11,233,1212.5,1750.0,1451.7857142857142,kg
588,2020,11,241,14475.000000000002,14475.000000000002,14475.000000000002,kg
589,2020,11,242,3835.0,4495.0,4071.1904761904766,kg
590,2020,11,243,5910.0,7950.0,6601.428571428572,kg
591,2020,11,244,3770.0,3820.0,3805.714285714286,kg
592,2020,11,245,915.0,1140.0,1021.4285714285714,kg
593,2020,11,246,2422.5,2657.5,2527.1428571428573,kg
594,2020,11,247,7883.333333333333,7903.333333333333,7886.190476190476,kg
595,2020,11,252,2613.3333333333335,3060.0,2840.0,kg
596,2020,11,253,8050.0,9250.0,8692.857142857143,kg
597,2020,11,255,1580.0,1940.0,1714.2857142857142,kg
598,2020,11,256,3900.0,4840.0,4311.428571428572,kg
599,2020,11,257,3600.0,3875.0,3732.1428571428573,kg
600,2020,11,258,3500.0,3550.0,3532.1428571428573,kg
601,2020,11,422,4479.0,4879.0,4661.142857142857,kg
602,2020,11,312,10631.666666666666,10651.666666666666,10637.38095238095,kg
603,2020,11,313,7826.666666666667,7875.555555555555,7856.084656084656,kg
604,2020,11,314,12987.5,12987.5,12987.5,kg
605,2020,11,315,3700.0,4425.0,3932.1428571428573,kg
606,2020,11,316,1520.0,1610.0,1564.2857142857142,kg
607,2020,11,317,3075.0,3525.0,3182.1428571428573,kg
608,2020,11,411,3870.0,4200.0,4070.0,kg
609,2020,11,412,2993.333333333333,3200.0,3133.333333333333,kg
610,2020,11,414,4132.8125,4171.875,4146.205357142857,kg
611,2020,11,418,2315.3846153846152,2353.846153846154,2330.7692307692305,kg
612,2020,11,419,3330.0,3350.0,3338.5714285714284,kg
613,2020,11,420,1891.6666666666667,1941.6666666666665,1910.7142857142858,kg
614,2020,11,421,2744.4444444444443,2811.1111111111113,2768.2539682539687,kg
615,2020,11,424,2658.823529411765,3023.529411764706,2810.9243697478996,kg
616,2020,11,428,7660.0,8040.0,7882.857142857143,kg
617,2020,12,111,2306.5,2306.5,2306.5,kg
618,2020,12,112,2534.0,2534.0,2534.0,kg
619,2020,12,141,4524.757142857143,4550.482142857142,4544.050892857142,kg
620,2020,12,142,6846.666666666667,6846.666666666667,6846.666666666667,kg
621,2020,12,143,8489.583333333334,8556.25,8531.25,kg
622,2020,12,144,2800.0,2800.0,2800.0,kg
623,2020,12,151,4720.0,4990.0,4852.5,kg
624,2020,12,152,2605.0,2715.0,2650.0,kg
625,2020,12,211,1240.0,1570.0,1346.25,kg
626,2020,12,212,1337.5,1900.0,1596.875,kg
627,2020,12,213,2175.0,2500.0,2300.0,kg
628,2020,12,214,2125.0,2506.25,2264.0625,kg
629,2020,12,215,1012.5,1212.5,1062.5,kg
630,2020,12,221,12700.0,15300.0,14187.5,개
631,2020,12,222,3630.0,4650.0,4097.5,kg
632,2020,12,223,497.22166666666664,623.8883333333333,558.3325,개
633,2020,12,224,556.25,587.5,570.0,kg
634,2020,12,225,2330.0,3060.0,2677.5,kg
635,2020,12,226,6700.0,7700.0,7237.5,kg
636,2020,12,231,455.0,505.0,480.0,kg
637,2020,12,232,1843.3333333333333,2050.0,1929.9999999999998,kg
638,2020,12,233,1562.5,1650.0,1603.125,kg
639,2020,12,241,14475.000000000002,14475.000000000002,14475.000000000002,kg
640,2020,12,242,3431.6666666666665,4145.0,3780.0,kg
641,2020,12,243,3760.0,5590.0,4527.5,kg
642,2020,12,244,3770.0,3770.0,3770.0,kg
643,2020,12,245,930.0,965.0,938.75,kg
644,2020,12,246,2485.0,2775.0,2625.0,kg
645,2020,12,247,7916.666666666667,7956.666666666667,7936.666666666667,kg
646,2020,12,252,2686.666666666667,3013.333333333333,2901.666666666667,kg
647,2020,12,253,7900.0,10150.0,9000.0,kg
648,2020,12,255,1800.0,2200.0,2048.75,kg
649,2020,12,256,2740.0,3900.0,3410.0,kg
650,2020,12,257,3375.0,3725.0,3556.25,kg
651,2020,12,258,3550.0,3575.0,3562.5,kg
652,2020,12,422,3508.15,4379.0,3915.45,kg
653,2020,12,312,10685.0,10691.666666666666,10689.999999999998,kg
654,2020,12,313,7866.666666666667,7918.518518518518,7881.851851851852,kg
655,2020,12,314,12987.5,12987.5,12987.5,kg
656,2020,12,315,4262.5,4612.5,4493.75,kg
657,2020,12,316,1480.0,1530.0,1505.0,kg
658,2020,12,317,3125.0,3425.0,3350.0,kg
659,2020,12,411,4120.0,4570.0,4395.0,kg
660,2020,12,412,3200.0,3293.333333333333,3256.666666666667,kg
661,2020,12,414,4171.875,4203.125,4195.3125,kg
662,2020,12,418,2292.3076923076924,2307.6923076923076,2296.153846153846,kg
663,2020,12,419,3350.0,3350.0,3350.0,kg
664,2020,12,420,1916.6666666666665,1916.6666666666665,1916.6666666666665,kg
665,2020,12,421,2650.0,2755.5555555555557,2718.0555555555557,kg
666,2020,12,424,2711.764705882353,2805.8823529411766,2779.4117647058824,kg
667,2020,12,428,7740.0,7900.0,7825.0,kg
668,2020,13,111,2306.5,2306.5,2306.5,kg
669,2020,13,112,2534.0,2596.5,2588.6875,kg
670,2020,13,141,4550.482142857142,4550.482142857142,4550.482142857142,kg
671,2020,13,142,6846.666666666667,6848.333333333333,6846.875,kg
672,2020,13,143,8556.25,8556.25,8556.25,kg
673,2020,13,144,2800.0,2800.0,2800.0,kg
674,2020,13,151,4750.0,5220.0,4936.25,kg
675,2020,13,152,2245.0,2605.0,2427.5,kg
676,2020,13,211,910.0,1107.5,981.25,kg
677,2020,13,212,843.75,1150.0,994.53125,kg
678,2020,13,213,1825.0,2262.5,2045.3125,kg
679,2020,13,214,2187.5,2875.0,2478.90625,kg
680,2020,13,215,1000.0,1125.0,1098.4375,kg
681,2020,13,221,14100.0,15100.0,14368.75,개
682,2020,13,222,3420.0,3780.0,3570.0,kg
683,2020,13,223,553.89,837.2216666666667,722.013125,개
684,2020,13,224,660.0,1067.5,893.75,kg
685,2020,13,225,1880.0,2120.0,2021.25,kg
686,2020,13,226,6950.0,6950.0,6950.0,kg
687,2020,13,231,370.0,490.0,418.4375,kg
688,2020,13,232,1703.3333333333333,1756.6666666666667,1732.5,kg
689,2020,13,233,1350.0,1512.5,1414.0625,kg
690,2020,13,241,14475.000000000002,14591.666666666666,14489.583333333336,kg
691,2020,13,242,3848.3333333333335,4466.666666666667,4172.875,kg
692,2020,13,243,3480.0,4040.0,3707.5,kg
693,2020,13,244,3770.0,3770.0,3770.0,kg
694,2020,13,245,875.0,1090.0,972.5,kg
695,2020,13,246,2430.0,2715.0,2601.25,kg
696,2020,13,247,7956.666666666667,8083.333333333333,8035.0,kg
697,2020,13,252,2506.666666666667,3606.666666666667,3035.0,kg
698,2020,13,253,7800.0,8700.0,8325.0,kg
699,2020,13,255,1980.0,2220.0,2125.0,kg
700,2020,13,256,2360.0,3380.0,2795.0,kg
701,2020,13,257,3275.0,3512.5,3392.1875,kg
702,2020,13,258,3725.0,3800.0,3759.375,kg
703,2020,13,422,3200.0,3450.0,3343.6875,kg
704,2020,13,312,10691.666666666666,10748.333333333334,10716.041666666666,kg
705,2020,13,313,7918.518518518518,7946.666666666667,7936.11111111111,kg
706,2020,13,314,12987.5,13525.0,13185.9375,kg
707,2020,13,315,4162.5,4712.5,4440.625,kg
708,2020,13,316,1460.0,1920.0,1567.5,kg
709,2020,13,317,3125.0,3525.0,3412.5,kg
710,2020,13,411,4700.0,5350.0,5031.25,kg
711,2020,13,412,3293.333333333333,3440.0,3380.833333333333,kg
712,2020,13,414,4015.625,4203.125,4144.53125,kg
713,2020,13,418,2184.6153846153848,2292.3076923076924,2253.8461538461543,kg
714,2020,13,419,4120.0,4200.0,4140.0,kg
715,2020,13,420,1883.3333333333335,1916.6666666666665,1904.1666666666667,kg
716,2020,13,421,2594.4444444444443,2650.0,2625.0,kg
717,2020,13,424,2770.5882352941176,2988.235294117647,2850.0,kg
718,2020,13,428,7840.0,7920.0,7882.5,kg
719,2020,14,111,2306.5,2320.5,2315.1428571428573,kg
720,2020,14,112,2596.5,2647.5,2625.0714285714284,kg
721,2020,14,141,4560.005952380952,4560.005952380952,4560.005952380953,kg
722,2020,14,142,6928.333333333333,6928.333333333333,6928.333333333334,kg
723,2020,14,143,8622.916666666666,8632.916666666666,8627.20238095238,kg
724,2020,14,144,2800.0,2800.0,2800.0,kg
725,2020,14,151,5200.0,5760.0,5424.571428571428,kg
726,2020,14,152,1527.5,2130.0,1808.5714285714287,kg
727,2020,14,211,1020.0,1140.0,1074.2857142857142,kg
728,2020,14,212,643.75,912.5,829.4642857142857,kg
729,2020,14,213,2275.0,2750.0,2455.3571428571427,kg
730,2020,14,214,2675.0,3312.5,2989.285714285714,kg
731,2020,14,215,1125.0,1275.0,1200.0,kg
732,2020,14,221,13600.0,14850.0,14428.57142857143,개
733,2020,14,222,3360.0,4540.0,4010.0,kg
734,2020,14,223,672.7783333333333,717.7800000000001,691.4285714285714,개
735,2020,14,224,995.0,1157.5,1062.857142857143,kg
736,2020,14,225,1920.0,2170.0,2024.2857142857142,kg
737,2020,14,231,372.5,401.25,388.92857142857144,kg
738,2020,14,232,1450.0,1623.3333333333333,1504.2857142857142,kg
739,2020,14,233,1500.0,1837.5,1678.5714285714287,kg
740,2020,14,241,14491.666666666666,14591.666666666666,14534.523809523811,kg
741,2020,14,242,4400.0,4556.666666666667,4481.428571428572,kg
742,2020,14,243,3520.0,5310.0,4273.571428571428,kg
743,2020,14,244,3725.0,3770.0,3744.285714285714,kg
744,2020,14,245,740.0,950.0,861.4285714285714,kg
745,2020,14,246,2645.0,2870.0,2780.0,kg
746,2020,14,247,8210.0,8256.666666666666,8221.42857142857,kg
747,2020,14,252,2293.3333333333335,2733.333333333333,2521.904761904762,kg
748,2020,14,253,8000.0,8800.0,8485.714285714286,kg
749,2020,14,255,2160.0,2340.0,2202.8571428571427,kg
750,2020,14,256,2920.0,3300.0,3151.4285714285716,kg
751,2020,14,257,3512.5,3637.5,3594.6428571428573,kg
752,2020,14,258,3810.0,3810.0,3810.0,kg
753,2020,14,422,3170.0,3500.0,3367.1428571428573,kg
754,2020,14,312,10790.0,10813.333333333332,10801.42857142857,kg
755,2020,14,313,7954.074074074076,7954.074074074076,7954.074074074075,kg
756,2020,14,314,13535.0,13835.0,13706.42857142857,kg
757,2020,14,315,4537.5,4887.5,4730.357142857143,kg
758,2020,14,316,1840.0,2080.0,1982.857142857143,kg
759,2020,14,317,3525.0,3625.0,3539.285714285714,kg
760,2020,14,411,5350.0,5870.0,5705.714285714285,kg
761,2020,14,412,3413.333333333333,3666.666666666667,3500.0,kg
762,2020,14,414,4036.46875,4078.125,4072.1741071428573,kg
763,2020,14,418,1969.2307692307693,2184.6153846153848,2068.131868131868,kg
764,2020,14,419,4100.0,4120.0,4114.285714285715,kg
765,2020,14,420,1875.0,1900.0,1887.5,kg
766,2020,14,421,2500.0,2583.3333333333335,2559.5238095238096,kg
767,2020,14,424,3105.8823529411766,3494.1176470588234,3328.5714285714284,kg
768,2020,14,428,7920.0,8240.0,8068.571428571428,kg
769,2020,14,425,14760.0,15100.0,14881.25,kg
770,2020,15,111,2320.5,2380.5,2359.25,kg
771,2020,15,112,2647.5,2690.0,2677.8125,kg
772,2020,15,141,4568.572619047619,4599.997619047619,4591.190327380952,kg
773,2020,15,142,6928.333333333333,7038.333333333333,6996.25,kg
774,2020,15,143,8632.916666666666,8699.583333333334,8649.583333333334,kg
775,2020,15,144,2800.0,2800.0,2800.0,kg
776,2020,15,151,5670.0,5790.0,5745.0,kg
777,2020,15,152,1340.0,1600.0,1502.8125,kg
778,2020,15,211,710.0,910.0,802.5,kg
779,2020,15,212,456.25,700.0,535.15625,kg
780,2020,15,213,2450.0,2925.0,2617.1875,kg
781,2020,15,214,2437.5,2737.5,2553.90625,kg
782,2020,15,215,1062.5,1100.0,1095.3125,kg
783,2020,15,221,12600.0,13400.0,12975.0,개
784,2020,15,222,4460.0,5120.0,4911.25,kg
785,2020,15,223,436.10999999999996,577.2216666666667,508.1245833333333,개
786,2020,15,224,620.0,860.0,731.5625,kg
787,2020,15,225,1460.0,2050.0,1693.75,kg
788,2020,15,231,463.75,500.0,479.6875,kg
789,2020,15,232,1466.6666666666667,1493.3333333333333,1473.7499999999998,kg
790,2020,15,233,1537.5,1762.5,1673.4375,kg
791,2020,15,241,14758.333333333332,15183.333333333334,15052.08333333333,kg
792,2020,15,242,3941.6666666666665,4620.0,4381.874999999999,kg
793,2020,15,243,4870.0,5660.0,5277.5,kg
794,2020,15,244,2740.0,3745.0,3051.25,kg
795,2020,15,245,572.5,670.0,625.3125,kg
796,2020,15,246,2885.0,3020.0,2960.0,kg
797,2020,15,247,8630.0,8763.333333333334,8715.833333333334,kg
798,2020,15,252,2206.666666666667,2413.3333333333335,2320.0,kg
799,2020,15,253,7800.0,8900.0,8412.5,kg
800,2020,15,255,2440.0,3020.0,2671.875,kg
801,2020,15,256,2780.0,3020.0,2875.0,kg
802,2020,15,257,3500.0,3650.0,3578.125,kg
803,2020,15,258,3800.0,3810.0,3801.25,kg
804,2020,15,422,2815.0,3170.0,3036.25,kg
805,2020,15,312,10813.333333333332,10843.333333333334,10826.666666666666,kg
806,2020,15,313,7954.074074074076,7998.518518518518,7980.370370370371,kg
807,2020,15,314,13835.0,14150.0,13981.875,kg
808,2020,15,315,3875.0,4312.5,4020.3125,kg
809,2020,15,316,1840.0,2080.0,1966.25,kg
810,2020,15,317,3050.0,3425.0,3165.625,kg
811,2020,15,411,5660.0,5820.0,5758.75,kg
812,2020,15,412,3520.0,3633.3333333333335,3549.1666666666665,kg
813,2020,15,414,4078.125,4179.6875,4134.765625,kg
814,2020,15,418,1800.0,1923.076923076923,1834.6153846153845,kg
815,2020,15,419,4030.0,4040.0,4031.25,kg
816,2020,15,420,1875.0,1875.0,1875.0,kg
817,2020,15,421,2550.0,2605.5555555555557,2595.833333333333,kg
818,2020,15,424,3494.1176470588234,3588.235294117647,3547.0588235294117,kg
819,2020,15,425,14560.0,15720.0,14987.5,kg
820,2020,15,428,8140.0,8220.0,8172.5,kg
821,2020,16,111,2371.5,2380.5,2379.214285714286,kg
822,2020,16,112,2690.0,2697.5,2691.0714285714284,kg
823,2020,16,141,4599.997619047619,4624.767857142858,4605.713095238096,kg
824,2020,16,142,7038.333333333333,7061.666666666667,7041.666666666666,kg
825,2020,16,143,8699.583333333334,8729.166666666666,8703.809523809525,kg
826,2020,16,144,2700.0,2800.0,2744.0,kg
827,2020,16,151,5220.0,5670.0,5434.285714285715,kg
828,2020,16,152,1290.0,1437.5,1372.9285714285713,kg
829,2020,16,211,770.0,950.0,842.5714285714286,kg
830,2020,16,212,512.5,625.0,554.4642857142857,kg
831,2020,16,213,2450.0,3195.0,2781.4285714285716,kg
832,2020,16,214,2762.5,4505.0,3798.035714285714,kg
833,2020,16,215,1175.0,1287.5,1211.857142857143,kg
834,2020,16,221,11900.0,15330.0,13547.142857142857,개
835,2020,16,222,3556.0,4390.0,3852.285714285714,kg
836,2020,16,223,532.2233333333334,875.1133333333333,660.1754761904762,개
837,2020,16,224,700.0,780.0,726.6,kg
838,2020,16,225,1310.0,1500.0,1379.4285714285713,kg
839,2020,16,231,512.5,620.0,577.3928571428571,kg
840,2020,16,232,1445.0,1473.3333333333333,1461.904761904762,kg
841,2020,16,233,1725.0,1912.5,1800.5357142857142,kg
842,2020,16,241,15383.333333333334,15683.333333333334,15597.619047619048,kg
843,2020,16,242,3853.3333333333335,4045.0,3952.809523809524,kg
844,2020,16,243,5490.0,6210.0,5826.714285714285,kg
845,2020,16,244,2640.0,2680.0,2658.9285714285716,kg
846,2020,16,245,572.5,662.5,629.6428571428571,kg
847,2020,16,246,3020.0,3580.0,3327.285714285714,kg
848,2020,16,247,8763.333333333334,8836.666666666666,8794.761904761905,kg
849,2020,16,252,2000.0,2460.0,2192.380952380952,kg
850,2020,16,253,7300.0,8100.0,7713.571428571428,kg
851,2020,16,255,3260.0,3500.0,3361.714285714286,kg
852,2020,16,256,2532.0,3340.0,2950.285714285714,kg
853,2020,16,257,3475.0,3575.0,3532.1428571428573,kg
854,2020,16,258,3795.0,4040.0,3833.5714285714284,kg
855,2020,16,422,2675.0,2880.0,2757.1428571428573,kg
856,2020,16,312,10843.333333333334,10875.000000000002,10855.000000000002,kg
857,2020,16,313,7998.518518518518,8085.925925925926,8015.2380952380945,kg
858,2020,16,314,14150.0,14300.0,14192.857142857143,kg
859,2020,16,315,3875.0,4150.5,4001.714285714286,kg
860,2020,16,316,1680.0,1840.0,1740.5714285714287,kg
861,2020,16,317,2925.0,3125.0,3064.285714285714,kg
862,2020,16,411,5520.0,5720.0,5594.285714285715,kg
863,2020,16,412,3466.666666666667,3546.666666666667,3495.2380952380954,kg
864,2020,16,414,4179.6875,4195.3125,4181.919642857143,kg
865,2020,16,418,1830.7692307692307,1830.7692307692307,1830.7692307692307,kg
866,2020,16,419,4030.0,4090.0,4056.5714285714284,kg
867,2020,16,420,1870.8333333333335,1875.0,1872.619047619048,kg
868,2020,16,421,2453.125,2605.5555555555557,2511.936507936508,kg
869,2020,16,424,3611.764705882353,3882.3529411764703,3817.2268907563025,kg
870,2020,16,425,15740.0,16430.0,16185.714285714286,kg
871,2020,16,428,8160.0,8420.0,8317.142857142857,kg
872,2020,17,111,2371.5,2378.0,2375.214285714286,kg
873,2020,17,112,2702.5,2747.5,2729.6428571428573,kg
874,2020,17,141,4605.719047619047,4624.767857142858,4613.882823129252,kg
875,2020,17,142,7071.666666666667,7138.333333333333,7095.476190476191,kg
876,2020,17,143,8737.5,8762.5,8746.785714285714,kg
877,2020,17,144,2708.0,2758.0,2736.5714285714284,kg
878,2020,17,151,5187.0,5328.0,5256.285714285715,kg
879,2020,17,152,1149.0,1205.0,1174.642857142857,kg
880,2020,17,211,808.0,911.7,868.0714285714286,kg
881,2020,17,212,543.625,624.875,566.25,kg
882,2020,17,213,3942.5,4740.0,4439.642857142857,kg
883,2020,17,214,5067.5,6002.5,5609.285714285715,kg
884,2020,17,215,1495.25,1841.0,1700.7142857142858,kg
885,2020,17,221,16610.0,18350.0,17941.428571428572,개
886,2020,17,222,2738.0,3528.0,3105.0,kg
887,2020,17,223,697.0,1030.2250000000001,880.6507142857143,개
888,2020,17,224,727.875,782.8,760.532142857143,kg
889,2020,17,225,1463.0,1642.0,1586.7142857142858,kg
890,2020,17,231,557.0,667.0,614.2857142857143,kg
891,2020,17,232,1447.8666666666668,1617.8666666666668,1486.8761904761907,kg
892,2020,17,233,1754.0,2093.75,1945.9285714285713,kg
893,2020,17,241,15670.0,15803.333333333332,15765.238095238092,kg
894,2020,17,242,4336.333333333333,4720.666666666667,4521.571428571428,kg
895,2020,17,243,4227.0,5048.0,4682.857142857143,kg
896,2020,17,244,2426.325,2691.0,2583.3214285714284,kg
897,2020,17,245,622.0,666.5,651.647619047619,kg
898,2020,17,246,3366.5,4265.5,3732.6428571428573,kg
899,2020,17,247,8837.333333333334,8864.0,8848.761904761905,kg
900,2020,17,252,2041.3333333333333,2205.333333333333,2122.8571428571427,kg
901,2020,17,253,7995.0,8580.0,8212.857142857143,kg
902,2020,17,255,3392.0,3580.0,3489.5714285714284,kg
903,2020,17,256,2410.4,2734.0,2503.257142857143,kg
904,2020,17,257,3282.5,3442.5,3328.5714285714284,kg
905,2020,17,258,4063.8833333333337,4120.25,4089.697619047619,kg
906,2020,17,422,2672.5,2775.0,2716.9285714285716,kg
907,2020,17,312,10875.000000000002,10898.333333333334,10888.333333333334,kg
908,2020,17,313,8096.296296296296,8121.481481481482,8108.148148148148,kg
909,2020,17,314,14300.0,14360.833333333332,14334.761904761903,kg
910,2020,17,315,4017.0,4314.5,4156.142857142857,kg
911,2020,17,316,1828.6,2104.0,1938.314285714286,kg
912,2020,17,317,2982.0,3191.0,3093.285714285714,kg
913,2020,17,411,5481.0,5674.0,5599.714285714285,kg
914,2020,17,412,3471.3333333333335,3509.333333333333,3490.857142857142,kg
915,2020,17,414,4271.09375,4428.75,4354.040178571428,kg
916,2020,17,418,1824.6153846153848,1840.0,1833.8461538461538,kg
917,2020,17,419,4056.0,4056.0,4056.0,kg
918,2020,17,420,1847.5,1875.8333333333335,1859.642857142857,kg
919,2020,17,421,2519.4444444444443,2563.4305555555557,2535.093253968254,kg
920,2020,17,424,3930.588235294118,4012.9411764705883,3965.882352941176,kg
921,2020,17,425,16008.0,16598.0,16305.42857142857,kg
922,2020,17,428,8864.0,9024.0,8926.857142857143,kg
923,2020,18,111,2388.0,2389.5,2388.9375,kg
924,2020,18,112,2747.5,2772.5,2756.875,kg
925,2020,18,141,4593.810714285714,4636.669047619048,4620.597172619048,kg
926,2020,18,142,7138.333333333333,7158.333333333333,7148.541666666668,kg
927,2020,18,143,8737.5,8895.833333333334,8801.041666666668,kg
928,2020,18,144,2758.0,2758.0,2758.0,kg
929,2020,18,151,5248.0,5508.0,5398.0,kg
930,2020,18,152,1098.0,1163.0,1129.875,kg
931,2020,18,211,725.0,860.0,793.375,kg
932,2020,18,212,433.25,616.375,534.078125,kg
933,2020,18,213,4725.0,5445.0,5073.125,kg
934,2020,18,214,5801.25,7312.5,6611.25,kg
935,2020,18,215,1708.0,2008.0,1828.875,kg
936,2020,18,221,15600.0,18210.0,17200.0,개
937,2020,18,222,2308.0,2499.0,2404.625,kg
938,2020,18,223,710.8883333333333,1050.945,896.2147916666667,개
939,2020,18,224,790.3,1091.0,968.7875,kg
940,2020,18,225,1532.0,1966.0,1710.5,kg
941,2020,18,231,589.5,697.0,627.3125,kg
942,2020,18,232,1611.2,1693.8666666666668,1644.1166666666668,kg
943,2020,18,233,1945.25,2244.0,2067.21875,kg
944,2020,18,241,15670.0,15803.333333333332,15703.333333333332,kg
945,2020,18,242,4627.5,5087.833333333333,4792.0625,kg
946,2020,18,243,4193.0,5664.0,4779.0,kg
947,2020,18,244,2691.0,2821.0,2762.66875,kg
948,2020,18,245,622.0,670.0,652.875,kg
949,2020,18,246,3792.0,4285.5,4062.5,kg
950,2020,18,247,8864.0,8947.333333333334,8880.666666666666,kg
951,2020,18,252,2001.3333333333333,2258.6666666666665,2126.833333333333,kg
952,2020,18,253,8645.0,9075.0,8834.375,kg
953,2020,18,255,3198.0,3621.0,3378.75,kg
954,2020,18,256,2950.0,3846.0,3453.75,kg
955,2020,18,257,3237.5,3282.5,3255.3125,kg
956,2020,18,258,4119.866666666667,4249.25,4195.20625,kg
957,2020,18,422,2622.5,3242.0,2948.0625,kg
958,2020,18,312,10898.333333333334,11006.666666666666,10941.041666666668,kg
959,2020,18,313,8121.481481481482,8136.2962962962965,8127.037037037038,kg
960,2020,18,314,14410.833333333332,14410.833333333332,14410.83333333333,kg
961,2020,18,315,4195.5,4615.5,4379.25,kg
962,2020,18,316,1686.4,1795.0,1735.475,kg
963,2020,18,317,2949.0,3141.0,3079.5,kg
964,2020,18,411,5747.0,5821.0,5802.0,kg
965,2020,18,412,3509.333333333333,3520.0,3517.333333333333,kg
966,2020,18,414,4606.25,4606.25,4606.25,kg
967,2020,18,418,1836.923076923077,1836.923076923077,1836.9230769230767,kg
968,2020,18,419,4056.0,4056.0,4056.0,kg
969,2020,18,420,1864.1666666666665,1916.6666666666665,1890.4166666666667,kg
970,2020,18,421,2550.0,2550.0,2550.0,kg
971,2020,18,424,3881.176470588235,4012.9411764705883,3903.6029411764703,kg
972,2020,18,425,15968.0,16008.0,15983.0,kg
973,2020,18,428,9024.0,9308.0,9252.5,kg
974,2020,19,111,2369.5,2389.5,2379.5,kg
975,2020,19,112,2772.5,2777.5,2776.6666666666665,kg
976,2020,19,141,4593.810714285714,4593.810714285714,4593.810714285714,kg
977,2020,19,142,7168.333333333333,7175.0,7173.888888888888,kg
978,2020,19,143,8925.833333333334,9064.166666666666,8994.999999999998,kg
979,2020,19,144,2758.0,2758.0,2758.0,kg
980,2020,19,151,5408.0,5904.0,5504.0,kg
981,2020,19,152,1103.0,1178.0,1119.6666666666667,kg
982,2020,19,211,988.2,1143.125,1088.2833333333333,kg
983,2020,19,212,485.375,545.75,531.5208333333334,kg
984,2020,19,213,4070.0,5225.0,4583.333333333333,kg
985,2020,19,214,6612.5,7487.5,6972.916666666667,kg
986,2020,19,215,1633.0,2158.0,1849.6666666666667,kg
987,2020,19,221,13960.0,16960.0,15686.666666666666,개
988,2020,19,222,2566.0,3050.0,2818.3333333333335,kg
989,2020,19,223,632.555,646.4433333333333,642.3141666666667,개
990,2020,19,224,827.0,929.8,867.3916666666668,kg
991,2020,19,225,2075.0,2416.0,2155.1666666666665,kg
992,2020,19,231,585.0,722.5,667.0,kg
993,2020,19,232,1687.2,1693.8666666666668,1692.7555555555557,kg
994,2020,19,233,1520.5,2012.5,1685.8333333333333,kg
995,2020,19,241,15670.0,15736.666666666668,15714.444444444447,kg
996,2020,19,242,4694.333333333333,4999.0,4848.805555555555,kg
997,2020,19,243,4022.0,4929.0,4338.166666666667,kg
998,2020,19,244,2821.0,3046.0,2987.1124999999997,kg
999,2020,19,245,697.0,705.0,701.1666666666666,kg
1000,2020,19,246,3330.5,3947.0,3747.75,kg
1001,2020,19,247,9014.0,9110.666666666666,9069.555555555555,kg
1002,2020,19,252,1885.3333333333335,2134.6666666666665,2021.5555555555557,kg
1003,2020,19,253,8495.0,8995.0,8745.0,kg
1004,2020,19,255,2129.0,3181.0,2625.0,kg
1005,2020,19,256,2516.0,3276.0,2708.6666666666665,kg
1006,2020,19,257,2862.5,3162.5,2945.0,kg
1007,2020,19,258,4588.75,5232.5,5097.708333333333,kg
1008,2020,19,422,3120.5,4191.5,3457.9166666666665,kg
1009,2020,19,312,11006.666666666666,11006.666666666666,11006.666666666666,kg
1010,2020,19,313,8136.2962962962965,8136.2962962962965,8136.2962962962965,kg
1011,2020,19,314,14410.833333333332,14560.833333333332,14460.83333333333,kg
1012,2020,19,315,3752.0,4373.0,4171.0,kg
1013,2020,19,316,1656.4,1726.4,1705.8,kg
1014,2020,19,317,2816.0,3141.0,3070.1666666666665,kg
1015,2020,19,411,5801.0,6346.0,6164.5,kg
1016,2020,19,412,3497.3333333333335,3590.666666666667,3547.3333333333335,kg
1017,2020,19,413,5004.5,5093.375,5042.25,kg
1018,2020,19,414,5577.375,5839.041666666667,5742.090277777778,kg
1019,2020,19,418,1836.923076923077,1857.6923076923076,1848.2051282051282,kg
1020,2020,19,419,4056.0,4056.0,4056.0,kg
1021,2020,19,420,1916.6666666666665,1972.5,1951.2499999999998,kg
1022,2020,19,421,2550.0,2634.722222222222,2601.3935185185182,kg
1023,2020,19,424,3401.176470588235,3881.176470588235,3558.137254901961,kg
1024,2020,19,425,14148.0,15968.0,14826.0,kg
1025,2020,20,111,2372.5,2400.5,2384.8333333333335,kg
1026,2020,20,112,2777.5,2782.5,2779.722222222222,kg
1027,2020,20,141,4572.377380952382,4593.810714285714,4579.521825396826,kg
1028,2020,20,142,7165.0,7175.0,7170.555555555556,kg
1029,2020,20,143,8991.666666666666,9064.166666666666,9011.75925925926,kg
1030,2020,20,144,2758.0,2910.0,2805.0,kg
1031,2020,20,151,6124.0,6683.0,6425.0,kg
1032,2020,20,152,1138.0,1308.0,1215.7777777777778,kg
1033,2020,20,211,1160.0,1338.0,1247.5555555555557,kg
1034,2020,20,212,539.5,895.75,674.9166666666666,kg
1035,2020,20,213,3520.0,6020.0,4725.555555555556,kg
1036,2020,20,214,5770.0,8227.5,6720.694444444444,kg
1037,2020,20,215,1333.0,1708.0,1521.888888888889,kg
1038,2020,20,221,11990.0,14960.0,14210.0,개
1039,2020,20,222,2711.0,3087.0,2906.222222222222,kg
1040,2020,20,223,609.8416666666666,923.89,750.2112962962963,개
1041,2020,20,224,835.95,1595.5,1193.427777777778,kg
1042,2020,20,225,2416.0,2708.0,2613.1111111111113,kg
1043,2020,20,231,567.4375,699.5,607.5138888888889,kg
1044,2020,20,232,1688.8666666666668,1756.0,1714.7407407407409,kg
1045,2020,20,233,1474.75,1968.75,1685.638888888889,kg
1046,2020,20,241,15736.666666666668,15963.333333333332,15787.037037037038,kg
1047,2020,20,242,4453.0,4699.166666666667,4546.0,kg
1048,2020,20,243,3529.0,5020.0,4232.777777777777,kg
1049,2020,20,244,3257.675,3804.375,3561.3972222222224,kg
1050,2020,20,245,745.0,955.5,831.3333333333334,kg
1051,2020,20,246,3318.0,3644.0,3446.9444444444443,kg
1052,2020,20,247,9110.666666666666,9124.0,9114.37037037037,kg
1053,2020,20,252,1949.3333333333335,2528.0,2171.851851851852,kg
1054,2020,20,253,7840.0,12840.0,9538.888888888889,kg
1055,2020,20,255,1575.0,2417.0,2033.3333333333333,kg
1056,2020,20,256,2588.0,3448.0,2955.5555555555557,kg
1057,2020,20,257,2840.0,2915.0,2892.222222222222,kg
1058,2020,20,258,5330.0,6527.5,6135.555555555556,kg
1059,2020,20,422,3441.0,4331.0,3852.5555555555557,kg
1060,2020,20,312,11004.999999999998,11046.666666666666,11018.888888888889,kg
1061,2020,20,313,8136.2962962962965,8161.481481481482,8147.160493827159,kg
1062,2020,20,314,14560.833333333332,14560.833333333332,14560.83333333333,kg
1063,2020,20,315,3303.5,3902.0,3631.3333333333335,kg
1064,2020,20,316,1519.6,1910.4,1674.1333333333332,kg
1065,2020,20,317,2816.0,3116.0,2993.777777777778,kg
1066,2020,20,411,6461.0,6896.0,6638.222222222223,kg
1067,2020,20,412,3620.0,3650.6666666666665,3637.037037037037,kg
1068,2020,20,413,4397.75,5197.75,4929.638888888889,kg
1069,2020,20,414,5139.583333333333,5748.375,5376.523148148149,kg
1070,2020,20,418,1842.3076923076924,1842.3076923076924,1842.307692307692,kg
1071,2020,20,419,4056.0,4120.0,4090.0,kg
1072,2020,20,420,1971.6666666666667,2025.8333333333335,2013.7962962962965,kg
1073,2020,20,421,2586.1111111111113,2586.1111111111113,2586.1111111111113,kg
1074,2020,20,424,3334.1176470588234,3479.4117647058824,3383.8562091503272,kg
1075,2020,20,425,13452.0,14248.0,13765.333333333334,kg
1076,2020,21,111,2400.5,2400.5,2400.5,kg
1077,2020,21,112,2782.5,2782.5,2782.5,kg
1078,2020,21,141,4572.377380952382,4572.377380952382,4572.377380952382,kg
1079,2020,21,142,7165.0,7165.0,7165.0,kg
1080,2020,21,143,9015.0,9015.0,9015.0,kg
1081,2020,21,144,2910.0,2910.0,2910.0,kg
1082,2020,21,151,6321.0,6753.0,6537.0,kg
1083,2020,21,152,1308.0,1476.0,1339.3333333333333,kg
1084,2020,21,211,1109.0,1540.0,1283.3333333333333,kg
1085,2020,21,212,830.875,1007.5,895.7083333333334,kg
1086,2020,21,213,6842.5,10200.0,8493.75,kg
1087,2020,21,214,8943.75,13923.75,11197.916666666666,kg
1088,2020,21,215,2458.0,4102.5,2933.5,kg
1089,2020,21,221,14060.0,14790.0,14325.0,개
1090,2020,21,222,2987.0,3427.0,3141.3333333333335,kg
1091,2020,21,223,917.6116666666667,1327.1666666666667,1073.7130555555557,개
1092,2020,21,224,1466.75,3933.0,2240.3333333333335,kg
1093,2020,21,225,2536.0,2802.0,2664.5,kg
1094,2020,21,231,639.5,755.0,683.4166666666666,kg
1095,2020,21,232,1756.0,1835.6666666666667,1789.3333333333333,kg
1096,2020,21,233,2037.25,3280.0,2586.125,kg
1097,2020,21,241,15963.333333333332,17373.333333333332,16494.44444444444,kg
1098,2020,21,242,4300.333333333333,6118.833333333333,5103.249999999999,kg
1099,2020,21,243,4950.0,5783.0,5385.166666666667,kg
1100,2020,21,244,3804.375,3866.875,3814.7916666666665,kg
1101,2020,21,245,916.0,975.5,949.9166666666666,kg
1102,2020,21,246,3721.0,5386.5,4215.25,kg
1103,2020,21,247,9124.0,9761.333333333334,9512.888888888889,kg
1104,2020,21,252,2518.6666666666665,4356.0,3007.555555555556,kg
1105,2020,21,253,12475.0,19260.0,14722.5,kg
1106,2020,21,255,2233.0,2785.0,2534.8333333333335,kg
1107,2020,21,256,4240.0,4818.0,4565.333333333333,kg
1108,2020,21,257,2923.75,2970.0,2962.2916666666665,kg
1109,2020,21,258,6527.5,6527.5,6527.5,kg
1110,2020,21,422,3458.0,3856.0,3640.3333333333335,kg
1111,2020,21,312,11046.666666666666,11079.999999999998,11052.22222222222,kg
1112,2020,21,313,8161.481481481482,8268.148148148148,8210.864197530864,kg
1113,2020,21,314,14560.833333333332,14887.5,14669.72222222222,kg
1114,2020,21,315,3099.0,3678.5,3316.0,kg
1115,2020,21,316,1706.4,2010.4,1799.8666666666668,kg
1116,2020,21,317,2982.0,3116.0,3037.8333333333335,kg
1117,2020,21,411,5533.5,5700.5,5610.833333333333,kg
1118,2020,21,412,3564.0,3664.0,3614.0,kg
1119,2020,21,413,4413.25,4562.25,4452.916666666667,kg
1120,2020,21,414,5106.75,5338.916666666667,5188.750000000001,kg
1121,2020,21,418,1829.2307692307693,1842.3076923076924,1840.128205128205,kg
1122,2020,21,419,4120.0,4120.0,4120.0,kg
1123,2020,21,420,2025.8333333333335,2059.166666666667,2036.9444444444446,kg
1124,2020,21,421,2586.1111111111113,2586.1111111111113,2586.1111111111113,kg
1125,2020,21,424,3291.176470588235,3350.0,3329.607843137255,kg
1126,2020,21,425,13452.0,14258.0,13853.0,kg
1127,2020,22,111,2400.5,2419.0,2413.714285714286,kg
1128,2020,22,112,2782.5,2835.0,2800.714285714286,kg
1129,2020,22,141,4572.377380952382,4572.377380952382,4572.377380952382,kg
1130,2020,22,142,7165.0,7175.0,7169.285714285715,kg
1131,2020,22,143,9015.0,9151.666666666666,9077.380952380952,kg
1132,2020,22,144,2910.0,2910.0,2910.0,kg
1133,2020,22,151,4004.0,6531.0,5694.142857142857,kg
1134,2020,22,152,1578.0,1641.0,1614.142857142857,kg
1135,2020,22,211,1687.0,1935.0,1853.5714285714287,kg
1136,2020,22,212,879.625,1139.25,1013.8928571428571,kg
1137,2020,22,213,8727.5,11585.0,10458.57142857143,kg
1138,2020,22,214,12463.75,15761.25,14536.25,kg
1139,2020,22,215,4032.5,4777.5,4481.428571428572,kg
1140,2020,22,221,14060.0,22720.0,17472.85714285714,개
1141,2020,22,222,3773.0,5184.0,4374.0,kg
1142,2020,22,223,1445.445,1867.8866666666665,1721.6511904761903,개
1143,2020,22,224,4898.25,5272.25,5057.071428571428,kg
1144,2020,22,225,2636.0,2759.0,2686.285714285714,kg
1145,2020,22,231,640.0,805.0,708.1428571428571,kg
1146,2020,22,232,1791.0,1808.3333333333333,1799.5714285714287,kg
1147,2020,22,233,3125.0,3557.5,3408.9285714285716,kg
1148,2020,22,241,22303.705555555556,24905.094444444443,23295.240476190473,kg
1149,2020,22,242,5524.0,6639.333333333333,6045.047619047618,kg
1150,2020,22,243,5473.0,6158.0,5790.0,kg
1151,2020,22,244,3866.875,4154.375,3907.9464285714284,kg
1152,2020,22,245,943.5,970.0,956.7142857142857,kg
1153,2020,22,246,5313.0,5833.5,5588.785714285715,kg
1154,2020,22,247,9930.0,10122.666666666666,10082.761904761905,kg
1155,2020,22,252,4538.0,6008.0,5293.904761904762,kg
1156,2020,22,253,20220.0,23175.0,21335.714285714286,kg
1157,2020,22,255,2283.0,3456.0,2838.0,kg
1158,2020,22,256,5332.0,7966.0,6932.857142857143,kg
1159,2020,22,257,2870.0,3290.0,3066.785714285714,kg
1160,2020,22,258,6527.5,6535.0,6528.571428571428,kg
1161,2020,22,422,3803.0,4375.5,4053.3571428571427,kg
1162,2020,22,312,11079.999999999998,11409.999999999998,11229.285714285712,kg
1163,2020,22,313,8268.148148148148,8352.592592592593,8294.814814814814,kg
1164,2020,22,314,14887.5,14887.5,14887.5,kg
1165,2020,22,315,3482.5,3931.5,3723.4285714285716,kg
1166,2020,22,316,1825.2,1897.2,1861.2000000000003,kg
1167,2020,22,317,3016.0,3115.0,3058.5714285714284,kg
1168,2020,22,411,6116.0,6562.566666666667,6291.276190476191,kg
1169,2020,22,412,3497.333333333333,3604.0,3558.4761904761904,kg
1170,2020,22,413,4220.0,4591.125,4374.892857142857,kg
1171,2020,22,414,8308.625,10146.833333333334,9232.532738095239,kg
1172,2020,22,418,1829.2307692307693,1849.2307692307693,1834.945054945055,kg
1173,2020,22,419,4120.0,4120.0,4120.0,kg
1174,2020,22,420,2075.8333333333335,2092.5,2085.3571428571427,kg
1175,2020,22,421,2586.1111111111113,2586.1111111111113,2586.1111111111118,kg
1176,2020,22,424,3267.6470588235297,3291.176470588235,3271.008403361345,kg
1177,2020,22,425,14550.0,15497.5,15103.714285714286,kg
1178,2020,23,111,2419.0,2468.0,2441.1428571428573,kg
1179,2020,23,112,2835.0,2957.5,2881.4285714285716,kg
1180,2020,23,141,4593.810714285714,4612.377380952381,4605.441666666667,kg
1181,2020,23,142,7275.0,7275.0,7275.0,kg
1182,2020,23,143,9218.333333333334,9480.0,9405.238095238095,kg
1183,2020,23,144,2910.0,2910.0,2910.0,kg
1184,2020,23,151,3791.0,4064.0,3872.8571428571427,kg
1185,2020,23,152,1623.0,1775.5,1683.357142857143,kg
1186,2020,23,211,1887.0,2578.0,2298.714285714286,kg
1187,2020,23,212,1064.25,1278.75,1166.8392857142858,kg
1188,2020,23,213,7832.5,9627.5,8731.07142857143,kg
1189,2020,23,214,6156.25,15733.75,9478.57142857143,kg
1190,2020,23,215,1938.0,4322.5,2700.3571428571427,kg
1191,2020,23,221,22110.0,25390.0,24075.714285714286,개
1192,2020,23,222,5683.0,6957.5,6458.285714285715,kg
1193,2020,23,223,1189.8866666666665,1954.5016666666668,1582.2464285714286,개
1194,2020,23,224,1258.75,4817.25,2951.964285714286,kg
1195,2020,23,225,2602.0,3236.0,2863.8571428571427,kg
1196,2020,23,231,674.0,1403.5,1163.357142857143,kg
1197,2020,23,232,1798.3333333333333,2128.0,1906.904761904762,kg
1198,2020,23,233,2223.75,3070.0,2619.0,kg
1199,2020,23,241,24730.094444444443,27124.166666666668,26142.629761904762,kg
1200,2020,23,242,5780.333333333333,6749.5,6453.7619047619055,kg
1201,2020,23,243,5466.0,5798.0,5586.0,kg
1202,2020,23,244,4154.375,5065.0,4671.317857142857,kg
1203,2020,23,245,957.5,970.0,963.5,kg
1204,2020,23,246,5296.0,7096.5,6086.0,kg
1205,2020,23,247,9703.333333333334,10122.666666666666,9911.42857142857,kg
1206,2020,23,252,5276.0,6666.0,5676.095238095238,kg
1207,2020,23,253,13505.0,20220.0,17010.714285714286,kg
1208,2020,23,255,3301.0,7156.0,5343.0,kg
1209,2020,23,256,5786.0,7634.0,6386.571428571428,kg
1210,2020,23,257,3402.5,3827.5,3645.0,kg
1211,2020,23,258,6535.0,6585.0,6570.714285714285,kg
1212,2020,23,422,4283.5,4945.5,4418.428571428572,kg
1213,2020,23,312,11505.0,11756.666666666664,11655.95238095238,kg
1214,2020,23,313,8349.62962962963,8408.888888888889,8375.873015873016,kg
1215,2020,23,314,14887.5,15037.5,14951.785714285714,kg
1216,2020,23,315,3228.0,3353.0,3283.9285714285716,kg
1217,2020,23,316,1639.6,1825.2,1730.5142857142855,kg
1218,2020,23,317,3016.0,3216.0,3082.4285714285716,kg
1219,2020,23,411,5386.75,6614.5,5989.928571428572,kg
1220,2020,23,412,2790.6666666666665,3248.0,3094.4761904761904,kg
1221,2020,23,413,4220.0,4658.375,4410.583333333333,kg
1222,2020,23,414,9089.666666666666,9587.333333333334,9288.47619047619,kg
1223,2020,23,418,1849.2307692307693,1975.3846153846155,1946.3736263736264,kg
1224,2020,23,419,4120.0,4120.0,4120.0,kg
1225,2020,23,420,2092.5,2142.5,2128.214285714286,kg
1226,2020,23,421,2500.0,2916.666666666667,2729.8611111111113,kg
1227,2020,23,424,3185.2941176470586,3267.6470588235297,3232.352941176471,kg
1228,2020,24,111,2481.5,2491.5,2482.75,kg
1229,2020,24,112,2977.5,2995.0,2979.6875,kg
1230,2020,24,141,4627.140476190477,4652.382142857143,4631.247767857143,kg
1231,2020,24,142,7300.0,7306.666666666667,7302.499999999999,kg
1232,2020,24,143,9480.0,9611.666666666666,9511.041666666668,kg
1233,2020,24,144,2910.0,2943.0,2914.125,kg
1234,2020,24,151,3844.0,4089.0,3966.25,kg
1235,2020,24,152,1658.0,1795.5,1707.0,kg
1236,2020,24,211,1848.0,2482.0,2204.25,kg
1237,2020,24,212,983.875,1547.5,1308.828125,kg
1238,2020,24,213,8182.5,13310.0,11177.5,kg
1239,2020,24,214,4981.25,8126.25,6530.9375,kg
1240,2020,24,215,1888.0,2474.0,2115.9375,kg
1241,2020,24,221,23560.0,24790.0,24335.0,개
1242,2020,24,222,6535.0,6975.0,6772.9125,kg
1243,2020,24,223,1337.28,2064.1666666666665,1752.4585416666664,개
1244,2020,24,224,1433.25,2876.25,2161.125,kg
1245,2020,24,225,3228.0,3913.0,3606.125,kg
1246,2020,24,231,1106.0,1433.0,1244.25,kg
1247,2020,24,232,2197.0,2614.0,2340.625,kg
1248,2020,24,233,2286.5,2701.5,2471.46875,kg
1249,2020,24,241,31533.333333333332,31805.000000000004,31635.20833333334,kg
1250,2020,24,242,7037.166666666667,9283.833333333334,8191.479166666667,kg
1251,2020,24,243,4758.0,5582.0,5173.875,kg
1252,2020,24,244,5036.666666666667,5076.333333333333,5057.208333333334,kg
1253,2020,24,245,1034.0,1159.0,1095.0625,kg
1254,2020,24,246,5512.5,6343.0,6053.125,kg
1255,2020,24,247,9006.666666666666,9136.666666666666,9071.25,kg
1256,2020,24,252,5494.0,6683.333333333334,5948.916666666666,kg
1257,2020,24,253,11365.0,16255.0,13935.0,kg
1258,2020,24,255,7472.0,9930.0,8729.5,kg
1259,2020,24,256,5954.0,7822.0,6708.0,kg
1260,2020,24,257,3575.0,3767.5,3642.8125,kg
1261,2020,24,258,6585.0,6585.0,6585.0,kg
1262,2020,24,422,3859.5,4723.5,3998.25,kg
1263,2020,24,312,11963.333333333332,13223.333333333332,12313.749999999998,kg
1264,2020,24,313,8440.0,8927.407407407407,8572.962962962962,kg
1265,2020,24,314,15037.5,15150.0,15135.9375,kg
1266,2020,24,315,3240.5,3882.25,3512.84375,kg
1267,2020,24,316,1626.4,1951.6,1749.7,kg
1268,2020,24,317,3016.0,3266.0,3122.25,kg
1269,2020,24,411,5515.5,6851.0,6238.125,kg
1270,2020,24,412,2871.333333333333,3307.0,3001.2499999999995,kg
1271,2020,24,414,8554.0,9039.333333333334,8751.75,kg
1272,2020,24,418,2006.1538461538462,2021.5384615384614,2011.9230769230767,kg
1273,2020,24,419,4140.0,4140.0,4140.0,kg
1274,2020,24,420,2099.166666666667,2135.0,2124.8958333333335,kg
1275,2020,24,421,2916.666666666667,2916.666666666667,2916.6666666666674,kg
1276,2020,24,424,3165.2941176470586,3185.2941176470586,3167.794117647059,kg
1277,2020,24,428,10995.0,11160.0,11072.0,kg
1278,2020,25,111,2491.5,2491.5,2491.5,kg
1279,2020,25,112,2950.0,3000.0,2990.8333333333335,kg
1280,2020,25,141,4652.382142857143,4652.382142857143,4652.382142857143,kg
1281,2020,25,142,7306.666666666667,7446.666666666667,7359.166666666667,kg
1282,2020,25,143,9611.666666666666,9828.333333333334,9714.444444444443,kg
1283,2020,25,144,2943.0,2943.0,2943.0,kg
1284,2020,25,151,3703.0,3990.0,3866.5,kg
1285,2020,25,152,1660.0,1741.0,1691.1666666666667,kg
1286,2020,25,211,2332.0,2788.0,2662.0,kg
1287,2020,25,212,1432.5,1770.0,1575.4166666666667,kg
1288,2020,25,213,10420.0,12305.0,11185.0,kg
1289,2020,25,214,7516.25,8686.25,8092.291666666667,kg
1290,2020,25,215,2370.5,2642.5,2482.0416666666665,kg
1291,2020,25,221,19550.0,21540.0,20527.5,개
1292,2020,25,223,1392.78,1816.7250000000001,1593.3249999999998,개
1293,2020,25,224,2468.75,2680.25,2579.75,kg
1294,2020,25,225,4107.0,5877.0,5073.5,kg
1295,2020,25,231,1158.0,1229.0,1207.5,kg
1296,2020,25,232,2570.0,2853.3333333333335,2731.111111111111,kg
1297,2020,25,233,2477.25,2926.5,2658.5416666666665,kg
1298,2020,25,241,29943.333333333332,31533.333333333332,31268.333333333332,kg
1299,2020,25,242,9081.333333333334,11646.833333333334,10852.027777777777,kg
1300,2020,25,243,5181.0,7556.0,6642.166666666667,kg
1301,2020,25,244,5076.333333333333,5076.333333333333,5076.333333333333,kg
1302,2020,25,245,1123.0,1169.0,1141.6666666666667,kg
1303,2020,25,246,5817.5,6285.0,6036.333333333333,kg
1304,2020,25,247,7383.333333333333,9006.666666666666,8191.111111111112,kg
1305,2020,25,252,6090.0,7577.333333333334,6740.111111111112,kg
1306,2020,25,253,16185.0,19205.0,17937.5,kg
1307,2020,25,255,8190.0,10218.0,9437.166666666666,kg
1308,2020,25,256,7994.0,11398.0,10487.0,kg
1309,2020,25,257,3742.5,3940.0,3850.8333333333335,kg
1310,2020,25,258,6585.0,6585.0,6585.0,kg
1311,2020,25,422,3859.5,8032.0,5608.916666666667,kg
1312,2020,25,312,13223.333333333332,13791.666666666668,13621.944444444445,kg
1313,2020,25,313,8927.407407407407,9112.592592592593,9050.864197530864,kg
1314,2020,25,314,15150.0,15150.0,15150.0,kg
1315,2020,25,315,3915.75,4395.0,4216.666666666667,kg
1316,2020,25,316,1950.3999999999999,2404.0,2288.6,kg
1317,2020,25,317,3266.0,3916.0,3568.4166666666665,kg
1318,2020,25,411,6110.0,8602.0,7364.0,kg
1319,2020,25,412,3320.333333333333,3582.3333333333335,3487.1388888888882,kg
1320,2020,25,414,7855.333333333333,8487.666666666666,8026.61111111111,kg
1321,2020,25,418,2006.1538461538462,2006.1538461538462,2006.153846153846,kg
1322,2020,25,419,4140.0,4140.0,4140.0,kg
1323,2020,25,420,2101.666666666667,2185.0,2146.1111111111113,kg
1324,2020,25,421,2916.666666666667,2916.666666666667,2916.6666666666674,kg
1325,2020,25,424,3165.2941176470586,3165.2941176470586,3165.294117647059,kg
1326,2020,25,428,11045.0,11045.0,11045.0,kg
1327,2020,26,111,2491.5,2585.3333333333335,2545.119047619048,kg
1328,2020,26,112,2950.0,2950.0,2950.0,kg
1329,2020,26,141,4652.382142857143,4677.615476190476,4663.196428571428,kg
1330,2020,26,142,7446.666666666667,7585.0,7527.857142857143,kg
1331,2020,26,143,9828.333333333334,10211.666666666666,10035.476190476193,kg
1332,2020,26,144,2943.0,2943.0,2943.0,kg
1333,2020,26,151,2958.0,3488.0,3143.285714285714,kg
1334,2020,26,152,1611.0,1807.0,1653.857142857143,kg
1335,2020,26,211,2508.0,2620.0,2564.5714285714284,kg
1336,2020,26,212,1553.75,1878.75,1655.892857142857,kg
1337,2020,26,213,7982.5,9755.0,8601.785714285714,kg
1338,2020,26,214,5521.25,7331.25,6088.392857142857,kg
1339,2020,26,215,1687.0,2419.0,1975.9285714285713,kg
1340,2020,26,221,11980.0,17700.0,14402.857142857143,개
1341,2020,26,223,1324.61,1677.0,1536.8883333333335,개
1342,2020,26,224,1569.0,2325.25,1983.857142857143,kg
1343,2020,26,225,5717.0,6041.0,5948.428571428572,kg
1344,2020,26,231,1161.5,1332.0,1236.642857142857,kg
1345,2020,26,232,2866.6666666666665,2946.6666666666665,2903.6190476190473,kg
1346,2020,26,233,2088.0,2427.25,2270.25,kg
1347,2020,26,241,29408.333333333332,29943.333333333332,29484.761904761905,kg
1348,2020,26,242,11582.5,12911.666666666666,12209.738095238095,kg
1349,2020,26,243,7530.0,17160.0,13012.857142857143,kg
1350,2020,26,244,5093.0,5159.666666666667,5112.047619047619,kg
1351,2020,26,245,1123.0,1133.0,1124.4285714285713,kg
1352,2020,26,246,5697.0,6109.0,5945.0,kg
1353,2020,26,247,6671.0,6897.666666666667,6736.714285714285,kg
1354,2020,26,252,5016.0,6360.0,5507.9047619047615,kg
1355,2020,26,253,17635.0,21720.0,19597.14285714286,kg
1356,2020,26,255,8783.0,10294.0,9616.0,kg
1357,2020,26,256,11052.0,12958.0,12070.0,kg
1358,2020,26,257,3890.0,3965.0,3922.8571428571427,kg
1359,2020,26,258,6575.0,6585.0,6579.285714285715,kg
1360,2020,26,422,5815.0,7687.0,6778.428571428572,kg
1361,2020,26,312,13791.666666666668,14830.0,14222.440476190477,kg
1362,2020,26,313,9112.592592592593,9303.703703703704,9180.10582010582,kg
1363,2020,26,314,14779.166666666666,15150.0,14832.142857142857,kg
1364,2020,26,315,4276.75,5199.5,4624.607142857143,kg
1365,2020,26,316,2324.0,3180.0,2645.1428571428573,kg
1366,2020,26,317,3866.0,4988.0,4334.928571428572,kg
1367,2020,26,411,8742.0,10115.0,9665.285714285714,kg
1368,2020,26,412,3550.3333333333335,4596.0,4319.678571428572,kg
1369,2020,26,414,6911.5,7253.0,7081.214285714285,kg
1370,2020,26,418,1990.769230769231,1990.769230769231,1990.7692307692307,kg
1371,2020,26,419,4110.0,4140.0,4114.285714285715,kg
1372,2020,26,420,2168.3333333333335,2185.0,2182.6190476190477,kg
1373,2020,26,421,2916.666666666667,2916.666666666667,2916.6666666666674,kg
1374,2020,26,424,3100.588235294118,3165.2941176470586,3123.2773109243694,kg
1375,2020,26,428,11288.0,11936.0,11778.857142857143,kg
1376,2020,27,111,2583.0,2604.75,2589.0208333333335,kg
1377,2020,27,112,2950.0,2950.0,2950.0,kg
1378,2020,27,141,4677.615476190476,4728.090476190476,4692.615476190475,kg
1379,2020,27,142,7585.0,7590.0,7587.5,kg
1380,2020,27,143,10211.666666666666,10245.0,10220.0,kg
1381,2020,27,144,2943.0,2943.0,2943.0,kg
1382,2020,27,151,2983.0,3224.0,3104.75,kg
1383,2020,27,152,1677.0,1753.0,1696.0,kg
1384,2020,27,211,2096.0,2470.0,2238.5,kg
1385,2020,27,212,2153.75,2278.75,2222.5,kg
1386,2020,27,213,2695.75,4150.0,3383.9375,kg
1387,2020,27,214,2425.25,2942.5,2579.5625,kg
1388,2020,27,215,1187.0,1387.0,1274.5,kg
1389,2020,27,221,9180.0,10880.0,9705.0,개
1390,2020,27,223,692.7233333333334,1004.4983333333333,786.6808333333333,개
1391,2020,27,224,686.0,775.65,729.125,kg
1392,2020,27,225,5167.0,5341.0,5271.5,kg
1393,2020,27,231,1145.0,1323.0,1229.0,kg
1394,2020,27,232,2864.6666666666665,2946.6666666666665,2909.4999999999995,kg
1395,2020,27,233,1688.0,1921.0,1783.75,kg
1396,2020,27,241,29116.666666666664,29408.333333333332,29262.5,kg
1397,2020,27,242,6608.666666666667,9507.0,7653.666666666667,kg
1398,2020,27,243,16770.0,24490.0,19380.0,kg
1399,2020,27,244,5119.333333333333,5159.666666666667,5129.416666666666,kg
1400,2020,27,245,1123.0,1178.0,1153.75,kg
1401,2020,27,246,3622.0,4589.5,3936.25,kg
1402,2020,27,247,6651.0,6744.333333333333,6684.333333333333,kg
1403,2020,27,252,4636.0,5420.0,4969.833333333333,kg
1404,2020,27,253,9020.0,16030.0,11267.5,kg
1405,2020,27,255,6638.0,9821.0,8033.75,kg
1406,2020,27,256,7812.0,9692.0,8505.0,kg
1407,2020,27,257,3415.0,3440.0,3421.25,kg
1408,2020,27,258,6575.0,6575.0,6575.0,kg
1409,2020,27,422,4329.5,4735.0,4558.125,kg
1410,2020,27,312,14830.0,14975.833333333334,14902.916666666668,kg
1411,2020,27,313,9325.925925925925,9352.592592592593,9343.703703703703,kg
1412,2020,27,314,14612.5,14779.166666666666,14695.833333333332,kg
1413,2020,27,315,3726.75,4601.0,4111.9375,kg
1414,2020,27,316,2672.0,3300.0,2946.0,kg
1415,2020,27,317,3766.0,4538.0,4079.75,kg
1416,2020,27,411,8583.35,8887.5,8736.4625,kg
1417,2020,27,412,4260.0,4581.333333333334,4456.333333333334,kg
1418,2020,27,414,7085.0,7255.5,7175.875,kg
1419,2020,27,418,1990.769230769231,1990.769230769231,1990.769230769231,kg
1420,2020,27,419,4110.0,4130.0,4120.0,kg
1421,2020,27,420,2185.0,2201.666666666667,2197.5,kg
1422,2020,27,421,2916.666666666667,2916.666666666667,2916.666666666667,kg
1423,2020,27,424,3124.1176470588234,3135.8823529411766,3130.0,kg
1424,2020,27,428,11896.0,11936.0,11916.0,kg
1425,2020,28,111,2594.0,2606.5,2601.214285714286,kg
1426,2020,28,112,2950.0,2970.0,2955.714285714286,kg
1427,2020,28,141,4687.140476190475,4758.567857142858,4702.922448979591,kg
1428,2020,28,142,7681.666666666667,7796.666666666667,7739.285714285715,kg
1429,2020,28,143,10320.0,10648.333333333334,10480.0,kg
1430,2020,28,144,3100.0,3100.0,3100.0,kg
1431,2020,28,151,2947.0,3187.0,3038.4285714285716,kg
1432,2020,28,152,1484.5,1574.5,1537.7857142857142,kg
1433,2020,28,211,816.3,1371.875,1021.4321428571428,kg
1434,2020,28,212,2078.75,2253.75,2125.1785714285716,kg
1435,2020,28,213,2172.25,2522.25,2375.8214285714284,kg
1436,2020,28,214,2188.5,2854.0,2400.75,kg
1437,2020,28,215,933.0,1087.0,978.7142857142857,kg
1438,2020,28,221,8160.0,8880.0,8625.714285714286,개
1439,2020,28,223,578.555,629.335,608.5714285714286,개
1440,2020,28,224,551.3,688.5,612.2928571428572,kg
1441,2020,28,225,4641.0,5124.0,4867.142857142857,kg
1442,2020,28,231,722.875,790.0,745.3267857142857,kg
1443,2020,28,232,2448.6666666666665,2792.0,2563.4285714285716,kg
1444,2020,28,233,1183.0,1638.0,1378.0,kg
1445,2020,28,241,29116.666666666664,29366.666666666664,29270.952380952378,kg
1446,2020,28,242,5213.0,5614.333333333333,5361.428571428572,kg
1447,2020,28,243,12450.0,24010.0,17220.0,kg
1448,2020,28,244,5119.333333333333,5132.666666666667,5125.047619047619,kg
1449,2020,28,245,1053.0,1178.0,1119.142857142857,kg
1450,2020,28,246,3167.0,3562.0,3315.9285714285716,kg
1451,2020,28,247,6098.666666666667,6335.333333333333,6236.285714285715,kg
1452,2020,28,252,4330.0,4502.666666666666,4400.190476190476,kg
1453,2020,28,253,8820.0,10080.0,9394.285714285714,kg
1454,2020,28,255,4133.0,4530.0,4325.428571428572,kg
1455,2020,28,256,5832.0,6318.0,6126.285714285715,kg
1456,2020,28,257,3145.0,3365.0,3209.6428571428573,kg
1457,2020,28,258,6575.0,6575.0,6575.0,kg
1458,2020,28,422,7997.5,10240.0,8533.857142857143,kg
1459,2020,28,312,14970.833333333334,15109.166666666666,15008.214285714288,kg
1460,2020,28,313,9360.0,9731.851851851852,9587.936507936509,kg
1461,2020,28,314,14237.5,14612.5,14398.214285714286,kg
1462,2020,28,315,2779.0,3726.75,3190.1785714285716,kg
1463,2020,28,316,1502.4,2021.2,1685.0285714285712,kg
1464,2020,28,317,3566.0,3666.0,3580.285714285714,kg
1465,2020,28,411,5672.0,8600.0,6690.785714285715,kg
1466,2020,28,412,3693.333333333333,4501.333333333334,4106.285714285715,kg
1467,2020,28,414,6279.1875,6932.5,6588.169642857143,kg
1468,2020,28,415,4171.083333333334,4460.833333333333,4280.976190476192,kg
1469,2020,28,416,3328.0,3880.0,3595.1428571428573,kg
1470,2020,28,418,1990.769230769231,2021.5384615384614,2017.1428571428569,kg
1471,2020,28,419,4130.0,4130.0,4130.0,kg
1472,2020,28,420,2165.0,2201.666666666667,2170.2380952380954,kg
1473,2020,28,421,3401.3888888888887,3584.0277777777774,3477.2777777777774,kg
1474,2020,28,424,3135.8823529411766,3265.2941176470586,3172.8571428571427,kg
1475,2020,28,428,11636.0,11796.0,11658.857142857143,kg
1476,2020,29,111,2685.5,2713.0,2702.21875,kg
1477,2020,29,112,2970.0,3007.5,2985.0,kg
1478,2020,29,141,4758.567857142858,4771.426190476191,4763.389732142858,kg
1479,2020,29,142,7795.0,7895.0,7826.666666666667,kg
1480,2020,29,143,10648.333333333334,10873.333333333334,10718.645833333334,kg
1481,2020,29,144,3100.0,3100.0,3100.0,kg
1482,2020,29,151,3167.0,3367.0,3262.0,kg
1483,2020,29,152,1574.5,1705.5,1651.25,kg
1484,2020,29,211,512.0,742.3,626.5125,kg
1485,2020,29,212,1691.25,1991.25,1783.75,kg
1486,2020,29,213,2272.25,2749.75,2514.375,kg
1487,2020,29,214,2290.625,3074.5,2646.671875,kg
1488,2020,29,215,882.75,974.5,925.59375,kg
1489,2020,29,221,5860.0,8160.0,7036.25,개
1490,2020,29,223,610.1133333333333,663.5566666666667,635.5235416666667,개
1491,2020,29,224,625.15,690.15,668.2562499999999,kg
1492,2020,29,225,4344.0,4641.0,4467.75,kg
1493,2020,29,231,517.0,702.875,597.234375,kg
1494,2020,29,232,2205.0,2407.0,2281.1666666666665,kg
1495,2020,29,233,1028.75,1208.0,1105.375,kg
1496,2020,29,241,29366.666666666664,29866.666666666668,29554.166666666668,kg
1497,2020,29,242,5063.666666666667,5532.333333333333,5250.166666666666,kg
1498,2020,29,243,19100.0,23110.0,21483.75,kg
1499,2020,29,244,5028.0,5132.666666666667,5088.666666666667,kg
1500,2020,29,245,1063.0,1198.0,1114.5,kg
1501,2020,29,246,3396.5,3915.5,3590.8125,kg
1502,2020,29,247,6302.0,6834.333333333333,6564.125000000001,kg
1503,2020,29,252,3880.666666666667,5479.333333333334,4753.333333333334,kg
1504,2020,29,253,9520.0,11470.0,10391.25,kg
1505,2020,29,255,4003.0,4518.0,4216.75,kg
1506,2020,29,256,5744.0,6944.0,6355.0,kg
1507,2020,29,257,3222.5,3262.5,3247.5,kg
1508,2020,29,258,6575.0,6575.0,6575.0,kg
1509,2020,29,422,5027.5,7997.5,6030.25,kg
1510,2020,29,312,15109.166666666666,15461.25,15243.802083333332,kg
1511,2020,29,313,9731.851851851852,9754.074074074075,9745.0,kg
1512,2020,29,314,14237.5,14312.5,14256.25,kg
1513,2020,29,315,2729.0,2829.0,2785.25,kg
1514,2020,29,316,1522.4,1722.4,1642.3999999999999,kg
1515,2020,29,317,3566.0,4066.0,3841.0,kg
1516,2020,29,411,4850.0,5482.0,5132.0,kg
1517,2020,29,412,3793.3333333333335,3886.6666666666665,3833.6666666666674,kg
1518,2020,29,414,5850.6875,6190.1875,5932.625,kg
1519,2020,29,415,4281.666666666667,5093.333333333333,4421.375000000001,kg
1520,2020,29,416,3062.0,3408.0,3224.25,kg
1521,2020,29,418,1990.769230769231,2036.9230769230771,2021.5384615384614,kg
1522,2020,29,419,4170.0,4170.0,4170.0,kg
1523,2020,29,420,2131.666666666667,2165.0,2150.416666666667,kg
1524,2020,29,421,3556.25,3681.25,3601.3888888888887,kg
1525,2020,29,424,3265.2941176470586,3406.470588235294,3350.588235294117,kg
1526,2020,29,428,11028.0,11676.0,11386.0,kg
1527,2020,30,111,2705.5,2740.5,2715.5,kg
1528,2020,30,112,3007.5,3080.0,3060.3571428571427,kg
1529,2020,30,141,4777.140476190475,4890.47380952381,4802.792857142857,kg
1530,2020,30,142,7895.0,8870.0,8441.904761904761,kg
1531,2020,30,143,10873.333333333334,11021.666666666666,10966.54761904762,kg
1532,2020,30,144,3100.0,3300.0,3271.4285714285716,kg
1533,2020,30,151,3257.0,3467.0,3354.1428571428573,kg
1534,2020,30,152,1662.0,1725.5,1678.5714285714287,kg
1535,2020,30,211,444.0,534.0,494.57142857142856,kg
1536,2020,30,212,1678.75,1866.25,1778.75,kg
1537,2020,30,213,2159.75,2459.75,2266.8928571428573,kg
1538,2020,30,214,2182.75,2669.875,2385.910714285714,kg
1539,2020,30,215,749.5,958.0,779.2857142857143,kg
1540,2020,30,221,5860.0,6240.0,6138.571428571428,개
1541,2020,30,223,750.1750000000001,879.7783333333333,834.1697619047619,개
1542,2020,30,224,612.9,781.1,710.85,kg
1543,2020,30,225,3524.0,4368.0,3978.8571428571427,kg
1544,2020,30,231,547.0,564.0,556.4285714285714,kg
1545,2020,30,232,1960.3333333333333,2195.0,2102.904761904762,kg
1546,2020,30,233,958.0,1108.0,983.0,kg
1547,2020,30,241,29866.666666666668,29885.0,29869.285714285714,kg
1548,2020,30,242,4854.333333333333,5075.666666666667,4934.571428571428,kg
1549,2020,30,243,15630.0,21740.0,19451.428571428572,kg
1550,2020,30,244,5128.0,5128.0,5128.0,kg
1551,2020,30,245,1188.0,1208.0,1197.2857142857142,kg
1552,2020,30,246,3924.0,4239.0,4076.714285714286,kg
1553,2020,30,247,6695.333333333333,6882.0,6771.523809523808,kg
1554,2020,30,252,5039.333333333334,5319.333333333334,5264.0952380952385,kg
1555,2020,30,253,9630.0,10730.0,10191.42857142857,kg
1556,2020,30,255,2836.0,4023.0,3383.8571428571427,kg
1557,2020,30,256,5152.0,6384.0,6025.142857142857,kg
1558,2020,30,257,3082.5,3282.5,3156.785714285714,kg
1559,2020,30,258,6575.0,6575.0,6575.0,kg
1560,2020,30,422,4582.0,5027.5,4795.571428571428,kg
1561,2020,30,312,15648.75,15990.0,15805.535714285712,kg
1562,2020,30,313,9783.703703703704,10161.481481481482,10011.21693121693,kg
1563,2020,30,314,14312.5,14312.5,14312.5,kg
1564,2020,30,315,2679.0,2904.0,2800.4285714285716,kg
1565,2020,30,316,1682.4,1841.2,1705.0857142857142,kg
1566,2020,30,317,3566.0,4166.0,3773.1428571428573,kg
1567,2020,30,411,4510.0,4850.0,4727.142857142857,kg
1568,2020,30,412,3913.3333333333335,4100.0,4022.6666666666665,kg
1569,2020,30,414,10825.0,11685.0,11056.42857142857,kg
1570,2020,30,415,4738.666666666666,5032.0,4835.619047619047,kg
1571,2020,30,416,2808.0,3102.0,2965.4285714285716,kg
1572,2020,30,418,1903.076923076923,1964.6153846153848,1920.6593406593408,kg
1573,2020,30,419,4170.0,4226.65,4202.3714285714295,kg
1574,2020,30,420,2086.666666666667,2120.0,2091.428571428572,kg
1575,2020,30,421,3589.4444444444443,3681.25,3643.075396825397,kg
1576,2020,30,424,3347.6470588235297,3465.2941176470586,3414.8739495798322,kg
1577,2020,30,428,10828.0,11028.0,10913.714285714286,kg
1578,2020,31,111,2740.5,2740.5,2740.5,kg
1579,2020,31,112,3100.0,3160.0,3142.5,kg
1580,2020,31,141,4890.47380952381,5199.047619047619,5107.678571428572,kg
1581,2020,31,142,8920.0,9230.0,9093.125,kg
1582,2020,31,143,11059.166666666666,11191.25,11100.572916666666,kg
1583,2020,31,144,3300.0,3300.0,3300.0,kg
1584,2020,31,151,3382.0,3522.0,3442.625,kg
1585,2020,31,152,1667.0,1722.0,1690.75,kg
1586,2020,31,211,562.0,738.0,636.05,kg
1587,2020,31,212,1376.25,1728.75,1565.46875,kg
1588,2020,31,213,1912.0,2159.75,2073.71875,kg
1589,2020,31,214,1901.75,2765.25,2517.109375,kg
1590,2020,31,215,749.5,766.0,751.5625,kg
1591,2020,31,221,5990.0,7327.0,6658.5,개
1592,2020,31,223,793.0583333333334,870.5016666666667,829.875625,개
1593,2020,31,224,660.9,757.75,708.70625,kg
1594,2020,31,225,2788.0,3434.0,3207.5,kg
1595,2020,31,231,394.0,528.0,467.75,kg
1596,2020,31,232,1429.3333333333333,1835.6666666666667,1584.4583333333335,kg
1597,2020,31,233,812.25,1111.5,974.46875,kg
1598,2020,31,241,29666.666666666664,29885.0,29804.375,kg
1599,2020,31,242,3704.0,4804.333333333333,4252.625,kg
1600,2020,31,243,11030.0,16140.0,14186.25,kg
1601,2020,31,244,5128.0,5128.0,5128.0,kg
1602,2020,31,245,1163.0,1198.0,1186.125,kg
1603,2020,31,246,3991.5,4730.0,4372.875,kg
1604,2020,31,247,6645.333333333333,6808.666666666667,6732.708333333335,kg
1605,2020,31,252,5216.666666666666,6039.333333333333,5654.083333333334,kg
1606,2020,31,253,6570.0,9870.0,8840.0,kg
1607,2020,31,255,2471.0,2761.0,2547.875,kg
1608,2020,31,256,2890.0,5044.0,3954.0,kg
1609,2020,31,257,2957.5,3097.5,3065.625,kg
1610,2020,31,258,6575.0,6575.0,6575.0,kg
1611,2020,31,422,4284.5,4734.5,4502.0,kg
1612,2020,31,312,16013.333333333334,16258.333333333332,16082.291666666668,kg
1613,2020,31,313,10161.481481481482,10623.703703703703,10282.962962962964,kg
1614,2020,31,314,14312.5,14312.5,14312.5,kg
1615,2020,31,315,2675.0,3104.0,2934.1875,kg
1616,2020,31,316,1635.6,1807.6,1703.85,kg
1617,2020,31,317,3533.0,3966.0,3682.75,kg
1618,2020,31,411,4430.0,4768.0,4650.25,kg
1619,2020,31,412,4100.0,4233.333333333333,4158.333333333333,kg
1620,2020,31,414,11185.0,11585.0,11337.5,kg
1621,2020,31,415,2244.0,2340.0,2287.0,kg
1622,2020,31,416,2788.0,3036.0,2908.5,kg
1623,2020,31,418,1872.3076923076924,1887.6923076923076,1883.8461538461538,kg
1624,2020,31,419,4226.65,4226.65,4226.650000000001,kg
1625,2020,31,420,2086.666666666667,2086.666666666667,2086.6666666666674,kg
1626,2020,31,421,3406.666666666667,3535.5555555555557,3460.0000000000005,kg
1627,2020,31,424,3465.2941176470586,3465.2941176470586,3465.294117647059,kg
1628,2020,31,428,10748.0,10828.0,10778.0,kg
1629,2020,32,111,2740.5,2740.5,2740.5,kg
1630,2020,32,112,3160.0,3160.0,3160.0,kg
1631,2020,32,141,5259.9964285714295,5277.139285714286,5271.425,kg
1632,2020,32,142,9381.666666666666,9477.5,9445.555555555555,kg
1633,2020,32,143,11403.75,11853.75,11748.194444444445,kg
1634,2020,32,144,3467.0,3467.0,3467.0,kg
1635,2020,32,151,3392.0,3552.0,3445.3333333333335,kg
1636,2020,32,152,1687.0,1763.0,1724.6666666666667,kg
1637,2020,32,211,434.0,618.0,562.0,kg
1638,2020,32,212,736.5,1137.875,952.3958333333334,kg
1639,2020,32,213,1653.0,1976.25,1857.5416666666667,kg
1640,2020,32,214,2106.0,2597.75,2219.0833333333335,kg
1641,2020,32,215,799.5,866.25,821.75,kg
1642,2020,32,221,7127.0,7980.0,7689.0,개
1643,2020,32,223,838.945,1140.0,1009.6494444444446,개
1644,2020,32,224,727.75,982.85,894.3083333333333,kg
1645,2020,32,225,2674.0,2788.0,2719.0,kg
1646,2020,32,231,401.5,500.0,452.3333333333333,kg
1647,2020,32,232,1189.6666666666667,1416.0,1329.7777777777776,kg
1648,2020,32,233,921.5,971.5,938.1666666666666,kg
1649,2020,32,241,29600.0,29666.666666666664,29644.44444444444,kg
1650,2020,32,242,3273.6666666666665,3672.6666666666665,3461.888888888889,kg
1651,2020,32,243,5855.0,9410.0,7237.5,kg
1652,2020,32,244,5128.0,5128.0,5128.0,kg
1653,2020,32,245,1274.0,1279.0,1274.8333333333333,kg
1654,2020,32,246,3624.5,4535.0,3993.75,kg
1655,2020,32,247,6778.666666666667,7108.666666666667,7046.999999999999,kg
1656,2020,32,252,6458.0,7452.666666666667,6814.0,kg
1657,2020,32,253,6170.0,7520.0,6678.333333333333,kg
1658,2020,32,255,1936.0,2231.0,2040.1666666666667,kg
1659,2020,32,256,2790.0,2850.0,2823.3333333333335,kg
1660,2020,32,257,3127.5,3202.5,3190.0,kg
1661,2020,32,258,6575.0,6575.0,6575.0,kg
1662,2020,32,422,3827.0,4284.5,4108.25,kg
1663,2020,32,312,16644.441666666666,16888.891666666666,16809.352777777774,kg
1664,2020,32,313,10820.740740740739,10980.37037037037,10917.22222222222,kg
1665,2020,32,314,14312.5,14312.5,14312.5,kg
1666,2020,32,315,2575.0,2625.5,2594.75,kg
1667,2020,32,316,1652.8,1666.4,1664.1333333333332,kg
1668,2020,32,317,3349.5,3633.0,3519.0833333333335,kg
1669,2020,32,411,4964.0,5400.0,5256.0,kg
1670,2020,32,412,4306.666666666666,4466.666666666666,4408.88888888889,kg
1671,2020,32,414,11145.0,11345.0,11278.333333333334,kg
1672,2020,32,415,2300.0,2340.0,2306.6666666666665,kg
1673,2020,32,416,2996.0,3164.0,3077.3333333333335,kg
1674,2020,32,418,1852.3076923076924,1872.3076923076924,1858.9743589743587,kg
1675,2020,32,419,4115.0,4226.65,4189.433333333333,kg
1676,2020,32,420,1798.3333333333335,2053.3333333333335,1951.666666666667,kg
1677,2020,32,421,3376.3888888888887,3431.9444444444443,3411.527777777778,kg
1678,2020,32,424,3217.0588235294117,3458.235294117647,3368.4313725490197,kg
1679,2020,32,428,10748.0,10828.0,10801.333333333334,kg
1680,2020,33,111,2760.5,2760.5,2760.5,kg
1681,2020,33,112,3185.0,3185.0,3185.0,kg
1682,2020,33,141,5277.139285714286,5311.427380952381,5291.289625850341,kg
1683,2020,33,142,9557.916666666666,9589.583333333334,9576.011904761906,kg
1684,2020,33,143,11891.25,12012.083333333334,11936.964285714284,kg
1685,2020,33,144,3467.0,3633.0,3585.5714285714284,kg
1686,2020,33,151,3532.0,3592.0,3556.4285714285716,kg
1687,2020,33,152,1657.0,1677.0,1671.2857142857142,kg
1688,2020,33,211,424.0,480.0,440.85714285714283,kg
1689,2020,33,212,692.75,836.5,766.1428571428571,kg
1690,2020,33,213,1490.5,1953.0,1686.9285714285713,kg
1691,2020,33,214,2768.25,3451.25,3128.660714285714,kg
1692,2020,33,215,753.75,953.75,818.0357142857143,kg
1693,2020,33,221,6970.0,7800.0,7555.714285714285,개
1694,2020,33,223,1002.2783333333333,1232.78,1134.3414285714284,개
1695,2020,33,224,979.65,1125.6,1050.707142857143,kg
1696,2020,33,225,2618.0,2758.0,2660.5714285714284,kg
1697,2020,33,226,15990.0,17090.0,16635.714285714286,kg
1698,2020,33,231,427.7875,488.5625,460.3892857142857,kg
1699,2020,33,232,1116.3333333333333,1189.6666666666667,1146.8095238095236,kg
1700,2020,33,233,1021.5,1449.0,1161.142857142857,kg
1701,2020,33,241,29500.0,29600.0,29542.85714285714,kg
1702,2020,33,242,3230.0,3373.0,3318.0952380952376,kg
1703,2020,33,243,4825.0,5609.0,5137.714285714285,kg
1704,2020,33,244,5128.0,5128.0,5128.0,kg
1705,2020,33,245,1226.0,1274.0,1252.2857142857142,kg
1706,2020,33,246,3449.0,3734.5,3582.8571428571427,kg
1707,2020,33,247,7042.0,7255.333333333333,7161.047619047619,kg
1708,2020,33,252,4824.666666666666,6706.0,5738.666666666666,kg
1709,2020,33,253,8120.0,8520.0,8305.714285714286,kg
1710,2020,33,255,1816.0,2021.0,1935.2857142857142,kg
1711,2020,33,256,2838.0,3510.0,3146.5714285714284,kg
1712,2020,33,257,3277.5,3507.5,3376.0714285714284,kg
1713,2020,33,258,6575.0,6575.0,6575.0,kg
1714,2020,33,422,3750.0,4225.0,3876.5714285714284,kg
1715,2020,33,312,16888.891666666666,17111.108333333334,16952.382142857143,kg
1716,2020,33,313,11043.333333333334,11173.703703703703,11086.084656084657,kg
1717,2020,33,314,13770.833333333334,14312.5,13859.523809523807,kg
1718,2020,33,315,2700.0,3192.5,2951.5,kg
1719,2020,33,316,1546.4,1639.6,1595.8857142857141,kg
1720,2020,33,317,3174.5,3474.5,3308.9285714285716,kg
1721,2020,33,411,5400.0,5830.0,5603.285714285715,kg
1722,2020,33,412,4394.666666666666,4557.333333333334,4498.285714285715,kg
1723,2020,33,414,11245.0,11845.0,11587.857142857143,kg
1724,2020,33,415,2156.0,2236.0,2190.285714285714,kg
1725,2020,33,416,2952.0,3052.0,3003.4285714285716,kg
1726,2020,33,418,1741.5384615384614,1810.769230769231,1781.098901098901,kg
1727,2020,33,419,4285.0,4370.0,4318.571428571428,kg
1728,2020,33,420,1740.0,1776.6666666666665,1760.952380952381,kg
1729,2020,33,421,3334.722222222222,3376.3888888888887,3354.563492063492,kg
1730,2020,33,424,3102.3529411764703,3175.8823529411766,3131.680672268907,kg
1731,2020,33,428,10828.0,10868.0,10856.57142857143,kg
1732,2020,34,111,2760.5,2762.0,2761.75,kg
1733,2020,34,112,3185.0,3185.0,3185.0,kg
1734,2020,34,141,5301.903571428571,5311.427380952381,5303.490873015872,kg
1735,2020,34,142,9589.583333333334,9599.583333333334,9594.583333333334,kg
1736,2020,34,143,12032.083333333334,12133.75,12091.805555555557,kg
1737,2020,34,144,3633.0,3633.0,3633.0,kg
1738,2020,34,151,3714.0,3754.0,3729.0,kg
1739,2020,34,152,1492.0,1647.0,1531.1666666666667,kg
1740,2020,34,211,424.0,483.825,465.9708333333333,kg
1741,2020,34,212,715.25,1004.75,874.7916666666666,kg
1742,2020,34,213,1978.0,2592.25,2222.375,kg
1743,2020,34,214,3485.0,3948.75,3776.6666666666665,kg
1744,2020,34,215,870.25,903.75,898.1666666666666,kg
1745,2020,34,221,7420.0,7520.0,7470.0,개
1746,2020,34,223,1073.8883333333333,1208.6666666666667,1126.435,개
1747,2020,34,224,997.0,1090.5,1049.8333333333333,kg
1748,2020,34,225,2694.0,2844.0,2804.0,kg
1749,2020,34,226,13210.0,16050.0,14480.0,kg
1750,2020,34,231,463.3125,508.3125,478.4791666666667,kg
1751,2020,34,232,1103.0,1149.6666666666667,1135.1111111111113,kg
1752,2020,34,233,1249.5,1449.0,1321.6666666666667,kg
1753,2020,34,241,28938.333333333332,29500.0,29313.05555555556,kg
1754,2020,34,242,3246.3333333333335,3485.0,3400.277777777778,kg
1755,2020,34,243,5029.0,6295.0,5796.333333333333,kg
1756,2020,34,244,5114.666666666667,5128.0,5125.777777777778,kg
1757,2020,34,245,1226.0,1291.0,1267.6666666666667,kg
1758,2020,34,246,3399.0,3904.0,3606.8333333333335,kg
1759,2020,34,247,7315.333333333333,7368.666666666667,7342.0,kg
1760,2020,34,252,4628.0,5144.666666666666,4852.11111111111,kg
1761,2020,34,253,8850.0,9770.0,9348.333333333334,kg
1762,2020,34,255,2011.0,2436.0,2307.6666666666665,kg
1763,2020,34,256,3290.0,4310.0,4012.6666666666665,kg
1764,2020,34,257,3507.5,3942.5,3835.0,kg
1765,2020,34,258,6575.0,6575.0,6575.0,kg
1766,2020,34,422,3750.0,4342.5,4215.833333333333,kg
1767,2020,34,312,17110.691666666666,17188.475,17124.002777777776,kg
1768,2020,34,313,11313.08148148148,11382.22222222222,11327.054320987654,kg
1769,2020,34,314,13012.216666666667,13711.116666666667,13326.480555555556,kg
1770,2020,34,315,2967.5,3230.0,3086.0833333333335,kg
1771,2020,34,316,1479.6,1935.2,1750.3,kg
1772,2020,34,317,2842.0,3074.5,2985.8333333333335,kg
1773,2020,34,411,5810.0,5870.0,5836.666666666667,kg
1774,2020,34,412,4557.333333333334,4570.666666666666,4568.444444444444,kg
1775,2020,34,414,11545.0,11845.0,11745.0,kg
1776,2020,34,415,2156.0,2236.0,2182.6666666666665,kg
1777,2020,34,416,3042.0,3210.0,3147.3333333333335,kg
1778,2020,34,418,1347.6923076923076,1741.5384615384614,1590.7692307692312,kg
1779,2020,34,419,4250.0,4285.0,4273.333333333333,kg
1780,2020,34,420,1470.0,1740.0,1625.5555555555557,kg
1781,2020,34,421,3223.6111111111113,3334.722222222222,3297.6851851851848,kg
1782,2020,34,424,2737.6470588235297,3102.3529411764703,2956.4705882352937,kg
1783,2020,34,428,10628.0,10868.0,10788.0,kg
1784,2020,35,111,2762.0,2762.0,2762.0,kg
1785,2020,35,112,3185.0,3185.0,3185.0,kg
1786,2020,35,141,5301.903571428571,5301.903571428571,5301.903571428571,kg
1787,2020,35,142,9599.583333333334,9602.916666666666,9601.25,kg
1788,2020,35,143,12133.75,12298.333333333334,12216.041666666666,kg
1789,2020,35,144,3633.0,3633.0,3633.0,kg
1790,2020,35,151,3761.0,3959.0,3845.0,kg
1791,2020,35,152,1442.0,1492.0,1472.125,kg
1792,2020,35,211,383.275,461.5,404.29375,kg
1793,2020,35,212,773.5,1067.25,882.59375,kg
1794,2020,35,213,2064.75,2654.0,2344.5,kg
1795,2020,35,214,4062.5,5833.75,4816.5625,kg
1796,2020,35,215,961.75,1320.25,1059.1875,kg
1797,2020,35,221,7130.0,7430.0,7202.5,개
1798,2020,35,223,1113.2216666666666,1517.0,1328.6172916666667,개
1799,2020,35,224,1102.15,1241.55,1177.5874999999999,kg
1800,2020,35,225,2718.0,3034.0,2913.75,kg
1801,2020,35,226,13450.0,14710.0,13902.5,kg
1802,2020,35,231,531.35,573.3125,549.76875,kg
1803,2020,35,232,1143.0,1248.6666666666667,1159.2916666666665,kg
1804,2020,35,233,1379.0,1779.0,1483.0625,kg
1805,2020,35,241,28731.666666666668,28938.333333333332,28860.83333333333,kg
1806,2020,35,242,3758.6666666666665,4900.333333333333,4434.3125,kg
1807,2020,35,243,4272.0,6725.0,6069.5,kg
1808,2020,35,244,5094.666666666667,5114.666666666667,5097.166666666667,kg
1809,2020,35,245,1291.0,1386.5,1356.6875,kg
1810,2020,35,246,4169.0,5227.0,4704.25,kg
1811,2020,35,247,7255.333333333333,7368.666666666667,7272.833333333334,kg
1812,2020,35,252,4554.666666666666,5158.666666666666,4948.833333333333,kg
1813,2020,35,253,11030.0,18140.0,15136.25,kg
1814,2020,35,255,2521.0,6111.0,3991.875,kg
1815,2020,35,256,4370.0,6360.0,5573.0,kg
1816,2020,35,257,3737.5,3812.5,3777.5,kg
1817,2020,35,258,6575.0,6575.0,6575.0,kg
1818,2020,35,422,4245.0,4907.0,4589.75,kg
1819,2020,35,312,17188.475,17230.141666666666,17215.55833333333,kg
1820,2020,35,313,11382.22222222222,11408.888888888889,11396.296296296296,kg
1821,2020,35,314,12870.0,13012.216666666667,12920.1375,kg
1822,2020,35,315,3205.0,3513.5,3338.375,kg
1823,2020,35,316,1895.2,2762.0,2264.6,kg
1824,2020,35,317,2876.0,3902.0,3239.25,kg
1825,2020,35,411,5750.0,5830.0,5782.5,kg
1826,2020,35,412,4590.666666666666,4644.0,4605.999999999999,kg
1827,2020,35,414,11525.0,11895.0,11685.0,kg
1828,2020,35,415,2276.0,2420.0,2309.0,kg
1829,2020,35,416,3306.0,3516.0,3387.25,kg
1830,2020,35,418,1341.5384615384614,1383.076923076923,1357.6923076923076,kg
1831,2020,35,419,4170.0,4250.0,4215.0,kg
1832,2020,35,420,1410.0,1470.0,1421.6666666666665,kg
1833,2020,35,421,3223.6111111111113,3223.6111111111113,3223.6111111111113,kg
1834,2020,35,424,2707.0588235294117,2737.6470588235297,2717.9411764705883,kg
1835,2020,35,428,10752.0,10792.0,10763.0,kg
